{"type":"FeatureCollection","features":[{"type":"Feature","properties":{"id":"tree-5922595847","mapped":true,"height":7,"radius":2.6},"geometry":{"type":"Point","coordinates":[103.775388,1.2912225]}},{"type":"Feature","properties":{"id":"tree-5922595848","mapped":true,"height":7,"radius":2.6},"geometry":{"type":"Point","coordinates":[103.7754121,1.291254]}},{"type":"Feature","properties":{"id":"tree-5993519513","mapped":true,"height":7,"radius":2.6},"geometry":{"type":"Point","coordinates":[103.7753293,1.2913155]}},{"type":"Feature","properties":{"id":"tree-5993519514","mapped":true,"height":7,"radius":2.6},"geometry":{"type":"Point","coordinates":[103.7755806,1.2912549]}},{"type":"Feature","properties":{"id":"tree-5993519515","mapped":true,"height":7,"radius":2.6},"geometry":{"type":"Point","coordinates":[103.77572,1.2911885]}},{"type":"Feature","properties":{"id":"tree-5993519516","mapped":true,"height":7,"radius":2.6},"geometry":{"type":"Point","coordinates":[103.7758177,1.291161]}},{"type":"Feature","properties":{"id":"tree-5993519517","mapped":true,"height":7,"radius":2.6},"geometry":{"type":"Point","coordinates":[103.7759144,1.291107]}},{"type":"Feature","properties":{"id":"tree-5993519518","mapped":true,"height":7,"radius":2.6},"geometry":{"type":"Point","coordinates":[103.7753169,1.2914128]}},{"type":"Feature","properties":{"id":"tree-5993519519","mapped":true,"height":7,"radius":2.6},"geometry":{"type":"Point","coordinates":[103.7752164,1.2913578]}},{"type":"Feature","properties":{"id":"tree-5993519577","mapped":true,"height":7,"radius":2.6},"geometry":{"type":"Point","coordinates":[103.7755701,1.2911355]}},{"type":"Feature","properties":{"id":"tree-5993519578","mapped":true,"height":7,"radius":2.6},"geometry":{"type":"Point","coordinates":[103.775634,1.2912136]}},{"type":"Feature","properties":{"id":"tree-5993519579","mapped":true,"height":7,"radius":2.6},"geometry":{"type":"Point","coordinates":[103.775561,1.291243]}},{"type":"Feature","properties":{"id":"tree-5993519580","mapped":true,"height":7,"radius":2.6},"geometry":{"type":"Point","coordinates":[103.7753941,1.2912885]}},{"type":"Feature","properties":{"id":"tree-5993519581","mapped":true,"height":7,"radius":2.6},"geometry":{"type":"Point","coordinates":[103.7753514,1.2912065]}},{"type":"Feature","properties":{"id":"tree-5993519582","mapped":true,"height":7,"radius":2.6},"geometry":{"type":"Point","coordinates":[103.7753785,1.2911762]}},{"type":"Feature","properties":{"id":"tree-5993519583","mapped":true,"height":7,"radius":2.6},"geometry":{"type":"Point","coordinates":[103.7753017,1.2913572]}},{"type":"Feature","properties":{"id":"tree-5993519584","mapped":true,"height":7,"radius":2.6},"geometry":{"type":"Point","coordinates":[103.7753642,1.2913857]}},{"type":"Feature","properties":{"id":"tree-5993520685","mapped":true,"height":7,"radius":2.6},"geometry":{"type":"Point","coordinates":[103.7753818,1.2914355]}},{"type":"Feature","properties":{"id":"tree-5993520686","mapped":true,"height":7,"radius":2.6},"geometry":{"type":"Point","coordinates":[103.7753495,1.2914459]}},{"type":"Feature","properties":{"id":"tree-5993520687","mapped":true,"height":7,"radius":2.6},"geometry":{"type":"Point","coordinates":[103.7753363,1.2913648]}},{"type":"Feature","properties":{"id":"tree-5993520688","mapped":true,"height":7,"radius":2.6},"geometry":{"type":"Point","coordinates":[103.7752571,1.2913416]}},{"type":"Feature","properties":{"id":"tree-5993520689","mapped":true,"height":7,"radius":2.6},"geometry":{"type":"Point","coordinates":[103.7756023,1.2914765]}},{"type":"Feature","properties":{"id":"tree-5993520690","mapped":true,"height":7,"radius":2.6},"geometry":{"type":"Point","coordinates":[103.7755236,1.2915069]}},{"type":"Feature","properties":{"id":"tree-5993520691","mapped":true,"height":7,"radius":2.6},"geometry":{"type":"Point","coordinates":[103.7756364,1.2915685]}},{"type":"Feature","properties":{"id":"tree-5993520692","mapped":true,"height":7,"radius":2.6},"geometry":{"type":"Point","coordinates":[103.775497,1.291614]}},{"type":"Feature","properties":{"id":"tree-5993520693","mapped":true,"height":7,"radius":2.6},"geometry":{"type":"Point","coordinates":[103.7755653,1.291615]}},{"type":"Feature","properties":{"id":"tree-5993520694","mapped":true,"height":7,"radius":2.6},"geometry":{"type":"Point","coordinates":[103.7754904,1.2916832]}},{"type":"Feature","properties":{"id":"tree-5993520695","mapped":true,"height":7,"radius":2.6},"geometry":{"type":"Point","coordinates":[103.775442,1.2916282]}},{"type":"Feature","properties":{"id":"tree-5993520696","mapped":true,"height":7,"radius":2.6},"geometry":{"type":"Point","coordinates":[103.7755985,1.2916652]}},{"type":"Feature","properties":{"id":"tree-5993520697","mapped":true,"height":7,"radius":2.6},"geometry":{"type":"Point","coordinates":[103.7758612,1.2915495]}},{"type":"Feature","properties":{"id":"tree-5993520698","mapped":true,"height":7,"radius":2.6},"geometry":{"type":"Point","coordinates":[103.7759484,1.2915429]}},{"type":"Feature","properties":{"id":"tree-5993520699","mapped":true,"height":7,"radius":2.6},"geometry":{"type":"Point","coordinates":[103.7760252,1.2915277]}},{"type":"Feature","properties":{"id":"tree-8189256427","mapped":true,"height":7,"radius":2.6},"geometry":{"type":"Point","coordinates":[103.7736005,1.3043531]}},{"type":"Feature","properties":{"id":"tree-9000023602","mapped":true,"height":7,"radius":2.6},"geometry":{"type":"Point","coordinates":[103.7700401,1.2962624]}},{"type":"Feature","properties":{"id":"tree-9166612278","mapped":true,"height":7,"radius":2.6},"geometry":{"type":"Point","coordinates":[103.7736914,1.305992]}},{"type":"Feature","properties":{"id":"tree-9166612279","mapped":true,"height":7,"radius":2.6},"geometry":{"type":"Point","coordinates":[103.7737091,1.3057746]}},{"type":"Feature","properties":{"id":"tree-9189504320","mapped":true,"height":7,"radius":2.6},"geometry":{"type":"Point","coordinates":[103.7725516,1.2964788]}},{"type":"Feature","properties":{"id":"tree-9189504321","mapped":true,"height":7,"radius":2.6},"geometry":{"type":"Point","coordinates":[103.7726588,1.2965821]}},{"type":"Feature","properties":{"id":"tree-10586652581","mapped":true,"height":7,"radius":2.6},"geometry":{"type":"Point","coordinates":[103.7726566,1.3051804]}},{"type":"Feature","properties":{"id":"tree-10595296995","mapped":true,"height":7,"radius":2.6},"geometry":{"type":"Point","coordinates":[103.7793275,1.2923643]}},{"type":"Feature","properties":{"id":"tree-10598564837","mapped":true,"height":7,"radius":2.6},"geometry":{"type":"Point","coordinates":[103.7715242,1.2938623]}},{"type":"Feature","properties":{"id":"tree-10598564838","mapped":true,"height":7,"radius":2.6},"geometry":{"type":"Point","coordinates":[103.7712958,1.2939426]}},{"type":"Feature","properties":{"id":"tree-10598564839","mapped":true,"height":7,"radius":2.6},"geometry":{"type":"Point","coordinates":[103.7713877,1.2940119]}},{"type":"Feature","properties":{"id":"tree-10598564840","mapped":true,"height":7,"radius":2.6},"geometry":{"type":"Point","coordinates":[103.7713759,1.2941058]}},{"type":"Feature","properties":{"id":"tree-10598564841","mapped":true,"height":7,"radius":2.6},"geometry":{"type":"Point","coordinates":[103.7714276,1.2941451]}},{"type":"Feature","properties":{"id":"tree-10598564842","mapped":true,"height":7,"radius":2.6},"geometry":{"type":"Point","coordinates":[103.77135,1.2940109]}},{"type":"Feature","properties":{"id":"tree-10598564843","mapped":true,"height":7,"radius":2.6},"geometry":{"type":"Point","coordinates":[103.7713711,1.293987]}},{"type":"Feature","properties":{"id":"tree-10598564844","mapped":true,"height":7,"radius":2.6},"geometry":{"type":"Point","coordinates":[103.7713471,1.2939745]}},{"type":"Feature","properties":{"id":"tree-10598564845","mapped":true,"height":7,"radius":2.6},"geometry":{"type":"Point","coordinates":[103.7713797,1.2939544]}},{"type":"Feature","properties":{"id":"tree-10598564846","mapped":true,"height":7,"radius":2.6},"geometry":{"type":"Point","coordinates":[103.7713634,1.2939554]}},{"type":"Feature","properties":{"id":"tree-10598564847","mapped":true,"height":7,"radius":2.6},"geometry":{"type":"Point","coordinates":[103.7714209,1.2939659]}},{"type":"Feature","properties":{"id":"tree-10598564848","mapped":true,"height":7,"radius":2.6},"geometry":{"type":"Point","coordinates":[103.7715033,1.2939803]}},{"type":"Feature","properties":{"id":"tree-10598564849","mapped":true,"height":7,"radius":2.6},"geometry":{"type":"Point","coordinates":[103.7715148,1.2940177]}},{"type":"Feature","properties":{"id":"tree-10598564858","mapped":true,"height":7,"radius":2.6},"geometry":{"type":"Point","coordinates":[103.7723155,1.2934573]}},{"type":"Feature","properties":{"id":"tree-10719094549","mapped":true,"height":7,"radius":2.6},"geometry":{"type":"Point","coordinates":[103.7721931,1.3060865]}},{"type":"Feature","properties":{"id":"tree-10814043703","mapped":true,"height":7,"radius":2.6},"geometry":{"type":"Point","coordinates":[103.7706842,1.2977307]}},{"type":"Feature","properties":{"id":"tree-10814060445","mapped":true,"height":7,"radius":2.6},"geometry":{"type":"Point","coordinates":[103.7706215,1.297672]}},{"type":"Feature","properties":{"id":"tree-10814060450","mapped":true,"height":7,"radius":2.6},"geometry":{"type":"Point","coordinates":[103.7707217,1.2978434]}},{"type":"Feature","properties":{"id":"tree-10826146020","mapped":true,"height":7,"radius":2.6},"geometry":{"type":"Point","coordinates":[103.773447,1.3056454]}},{"type":"Feature","properties":{"id":"tree-10826146021","mapped":true,"height":7,"radius":2.6},"geometry":{"type":"Point","coordinates":[103.7732498,1.3060231]}},{"type":"Feature","properties":{"id":"tree-11153264941","mapped":true,"height":7,"radius":2.6},"geometry":{"type":"Point","coordinates":[103.7741138,1.3036082]}},{"type":"Feature","properties":{"id":"tree-11153264942","mapped":true,"height":7,"radius":2.6},"geometry":{"type":"Point","coordinates":[103.7741236,1.3035601]}},{"type":"Feature","properties":{"id":"tree-14206034072","mapped":true,"height":7,"radius":2.6},"geometry":{"type":"Point","coordinates":[103.7842731,1.2945626]}},{"type":"Feature","properties":{"id":"tree-14206034073","mapped":true,"height":7,"radius":2.6},"geometry":{"type":"Point","coordinates":[103.7840424,1.2950037]}},{"type":"Feature","properties":{"id":"tree-14206034074","mapped":true,"height":7,"radius":2.6},"geometry":{"type":"Point","coordinates":[103.7841712,1.294804]}},{"type":"Feature","properties":{"id":"tree-14206034075","mapped":true,"height":7,"radius":2.6},"geometry":{"type":"Point","coordinates":[103.7842195,1.2946632]}},{"type":"Feature","properties":{"id":"tree-14206034076","mapped":true,"height":7,"radius":2.6},"geometry":{"type":"Point","coordinates":[103.7843066,1.2944835]}},{"type":"Feature","properties":{"id":"tree-14206034109","mapped":true,"height":7,"radius":2.6},"geometry":{"type":"Point","coordinates":[103.7844964,1.2944299]}},{"type":"Feature","properties":{"id":"tree-14206034110","mapped":true,"height":7,"radius":2.6},"geometry":{"type":"Point","coordinates":[103.7847412,1.2943856]}},{"type":"Feature","properties":{"id":"tree-14206034111","mapped":true,"height":7,"radius":2.6},"geometry":{"type":"Point","coordinates":[103.7846694,1.2944614]}},{"type":"Feature","properties":{"id":"tree-14206034112","mapped":true,"height":7,"radius":2.6},"geometry":{"type":"Point","coordinates":[103.7846024,1.2945325]}},{"type":"Feature","properties":{"id":"tree-5407599965","mapped":true,"height":7,"radius":2.6},"geometry":{"type":"Point","coordinates":[103.8176698,1.3194344]}},{"type":"Feature","properties":{"id":"tree-5679801003","mapped":true,"height":7,"radius":2.6},"geometry":{"type":"Point","coordinates":[103.8199109,1.3196855]}},{"type":"Feature","properties":{"id":"tree-5679801004","mapped":true,"height":7,"radius":2.6},"geometry":{"type":"Point","coordinates":[103.8199746,1.3196859]}},{"type":"Feature","properties":{"id":"tree-5679801005","mapped":true,"height":7,"radius":2.6},"geometry":{"type":"Point","coordinates":[103.8198379,1.319685]}},{"type":"Feature","properties":{"id":"tree-5679801135","mapped":true,"height":7,"radius":2.6},"geometry":{"type":"Point","coordinates":[103.8194134,1.3196716]}},{"type":"Feature","properties":{"id":"tree-5679801136","mapped":true,"height":7,"radius":2.6},"geometry":{"type":"Point","coordinates":[103.8193772,1.3195979]}},{"type":"Feature","properties":{"id":"tree-5679801139","mapped":true,"height":7,"radius":2.6},"geometry":{"type":"Point","coordinates":[103.8193034,1.3202944]}},{"type":"Feature","properties":{"id":"tree-5679801140","mapped":true,"height":7,"radius":2.6},"geometry":{"type":"Point","coordinates":[103.8192357,1.3203232]}},{"type":"Feature","properties":{"id":"tree-5705142851","mapped":true,"height":7,"radius":2.6},"geometry":{"type":"Point","coordinates":[103.8175325,1.3193036]}},{"type":"Feature","properties":{"id":"tree-5730257078","mapped":true,"height":7,"radius":2.6},"geometry":{"type":"Point","coordinates":[103.8180327,1.3190207]}},{"type":"Feature","properties":{"id":"wood-109044380-0","mapped":false,"height":6.916170142591,"radius":3.5288646754808726},"geometry":{"type":"Point","coordinates":[103.78129570113663,1.293439870445804]}},{"type":"Feature","properties":{"id":"wood-109044380-1","mapped":false,"height":7.498803519643843,"radius":3.0061300077475606},"geometry":{"type":"Point","coordinates":[103.78128820545471,1.2935299332614163]}},{"type":"Feature","properties":{"id":"wood-109044380-2","mapped":false,"height":9.509476343169808,"radius":3.0497091014869513},"geometry":{"type":"Point","coordinates":[103.78125770827526,1.2936223084724523]}},{"type":"Feature","properties":{"id":"wood-109044380-3","mapped":false,"height":10.549427102319896,"radius":2.8186789334751667},"geometry":{"type":"Point","coordinates":[103.78123968365786,1.2937260214023028]}},{"type":"Feature","properties":{"id":"wood-109044380-4","mapped":false,"height":6.278156157582998,"radius":3.4740497690625487},"geometry":{"type":"Point","coordinates":[103.78124607641861,1.2938361117405088]}},{"type":"Feature","properties":{"id":"wood-109044380-5","mapped":false,"height":10.427158650942147,"radius":3.0841118418611586},"geometry":{"type":"Point","coordinates":[103.78128924927371,1.293962758908972]}},{"type":"Feature","properties":{"id":"wood-109044380-6","mapped":false,"height":7.574421112891287,"radius":3.5759860559366645},"geometry":{"type":"Point","coordinates":[103.78140739703056,1.2929677193812152]}},{"type":"Feature","properties":{"id":"wood-109044380-7","mapped":false,"height":8.079352943692356,"radius":2.7733454520814123},"geometry":{"type":"Point","coordinates":[103.78141662730673,1.2930831290068256]}},{"type":"Feature","properties":{"id":"wood-109044380-8","mapped":false,"height":6.166908509563655,"radius":3.5961331135593353},"geometry":{"type":"Point","coordinates":[103.78140781126383,1.2931893424450294]}},{"type":"Feature","properties":{"id":"wood-109044380-9","mapped":false,"height":10.343391836155206,"radius":2.614339866023511},"geometry":{"type":"Point","coordinates":[103.78135135752036,1.2933319854563814]}},{"type":"Feature","properties":{"id":"wood-109044380-10","mapped":false,"height":8.8333724825643,"radius":2.6228512494824825},"geometry":{"type":"Point","coordinates":[103.78138604517052,1.2934528632676847]}},{"type":"Feature","properties":{"id":"wood-109044380-11","mapped":false,"height":9.610508295241743,"radius":3.100114510487765},"geometry":{"type":"Point","coordinates":[103.78139832737315,1.2935362197272633]}},{"type":"Feature","properties":{"id":"wood-109044380-12","mapped":false,"height":7.601219724398106,"radius":2.84610246932134},"geometry":{"type":"Point","coordinates":[103.78138838298753,1.2936577210696103]}},{"type":"Feature","properties":{"id":"wood-109044380-13","mapped":false,"height":10.701840702909976,"radius":3.1183242621831595},"geometry":{"type":"Point","coordinates":[103.78137713500584,1.2937710080394118]}},{"type":"Feature","properties":{"id":"wood-109044380-14","mapped":false,"height":7.499871087726206,"radius":3.4846329583786426},"geometry":{"type":"Point","coordinates":[103.78137595453282,1.2938541601249451]}},{"type":"Feature","properties":{"id":"wood-109044380-15","mapped":false,"height":6.49455113010481,"radius":3.4360426175408065},"geometry":{"type":"Point","coordinates":[103.78148160478212,1.2930153460764477]}},{"type":"Feature","properties":{"id":"wood-109044380-16","mapped":false,"height":6.266559140291065,"radius":2.6279998837970195},"geometry":{"type":"Point","coordinates":[103.78151777254791,1.2931057296734547]}},{"type":"Feature","properties":{"id":"wood-109044380-17","mapped":false,"height":9.290659526828676,"radius":2.795016248058528},"geometry":{"type":"Point","coordinates":[103.78148677509678,1.293203365306646]}},{"type":"Feature","properties":{"id":"wood-109044380-18","mapped":false,"height":10.09608646063134,"radius":3.579093339201063},"geometry":{"type":"Point","coordinates":[103.78149340890266,1.2932991044522137]}},{"type":"Feature","properties":{"id":"wood-109044380-19","mapped":false,"height":10.97935087652877,"radius":2.5475425395183264},"geometry":{"type":"Point","coordinates":[103.78146541672099,1.2934029010262307]}},{"type":"Feature","properties":{"id":"wood-109044380-20","mapped":false,"height":7.420805414672941,"radius":3.0551676019094884},"geometry":{"type":"Point","coordinates":[103.78150655094309,1.293563947493049]}},{"type":"Feature","properties":{"id":"wood-109044380-21","mapped":false,"height":7.470935924444348,"radius":2.6919941420666875},"geometry":{"type":"Point","coordinates":[103.78149529124761,1.293639316833072]}},{"type":"Feature","properties":{"id":"wood-109044380-22","mapped":false,"height":10.497004530858248,"radius":3.1352960056625307},"geometry":{"type":"Point","coordinates":[103.78146593529868,1.2937484541199045]}},{"type":"Feature","properties":{"id":"wood-109044380-23","mapped":false,"height":9.999615039210767,"radius":2.596835719700903},"geometry":{"type":"Point","coordinates":[103.78163129678488,1.293076252977258]}},{"type":"Feature","properties":{"id":"wood-109044380-24","mapped":false,"height":10.702037174720317,"radius":3.6060618880204856},"geometry":{"type":"Point","coordinates":[103.78160084430824,1.2932375780458714]}},{"type":"Feature","properties":{"id":"wood-109044380-25","mapped":false,"height":8.390080539043993,"radius":3.697502095904201},"geometry":{"type":"Point","coordinates":[103.78158846726723,1.2932933595616989]}},{"type":"Feature","properties":{"id":"wood-109044380-26","mapped":false,"height":7.355228296015412,"radius":3.1143435801379384},"geometry":{"type":"Point","coordinates":[103.781595002213,1.2934039660984058]}},{"type":"Feature","properties":{"id":"wood-109044380-27","mapped":false,"height":9.526540666352957,"radius":2.807920244988054},"geometry":{"type":"Point","coordinates":[103.78162250895572,1.2935049068775462]}},{"type":"Feature","properties":{"id":"wood-109044380-28","mapped":false,"height":6.28858705656603,"radius":2.872160904388875},"geometry":{"type":"Point","coordinates":[103.78161656243466,1.2936219385800851]}},{"type":"Feature","properties":{"id":"wood-109044380-29","mapped":false,"height":9.976177906151861,"radius":3.390298549737781},"geometry":{"type":"Point","coordinates":[103.78170145326108,1.293234768157067]}},{"type":"Feature","properties":{"id":"wood-109044380-30","mapped":false,"height":9.641392348799855,"radius":3.6471342260949315},"geometry":{"type":"Point","coordinates":[103.78168267905781,1.2933140907417764]}},{"type":"Feature","properties":{"id":"wood-174774041-0","mapped":false,"height":6.645309903193265,"radius":2.655268632154912},"geometry":{"type":"Point","coordinates":[103.7725436849233,1.2950579747345397]}},{"type":"Feature","properties":{"id":"wood-174774041-1","mapped":false,"height":6.258714722003788,"radius":3.29271597256884},"geometry":{"type":"Point","coordinates":[103.77247858778796,1.2951587529953577]}},{"type":"Feature","properties":{"id":"wood-174774041-2","mapped":false,"height":6.658277163747698,"radius":3.694318480324},"geometry":{"type":"Point","coordinates":[103.77253892210008,1.2952896414924326]}},{"type":"Feature","properties":{"id":"wood-174774041-3","mapped":false,"height":9.261048782151192,"radius":3.317068018671125},"geometry":{"type":"Point","coordinates":[103.77250475166764,1.2953805920437544]}},{"type":"Feature","properties":{"id":"wood-174774041-4","mapped":false,"height":7.527575389482081,"radius":3.3653242059983315},"geometry":{"type":"Point","coordinates":[103.77260018378293,1.2950722724004515]}},{"type":"Feature","properties":{"id":"wood-174774041-5","mapped":false,"height":8.794360192492604,"radius":3.359139667917043},"geometry":{"type":"Point","coordinates":[103.77259174080484,1.2951841738844996]}},{"type":"Feature","properties":{"id":"wood-174774041-6","mapped":false,"height":6.525754275731742,"radius":3.0558765382505952},"geometry":{"type":"Point","coordinates":[103.77261984290237,1.2952780803732813]}},{"type":"Feature","properties":{"id":"wood-174774041-7","mapped":false,"height":9.698366153985262,"radius":3.48467252375558},"geometry":{"type":"Point","coordinates":[103.77265128993317,1.2953669908458887]}},{"type":"Feature","properties":{"id":"wood-174774041-8","mapped":false,"height":8.53218584228307,"radius":3.1766718619503083},"geometry":{"type":"Point","coordinates":[103.77263016000644,1.2954757285840863]}},{"type":"Feature","properties":{"id":"wood-174774041-9","mapped":false,"height":8.395919328555465,"radius":3.4121688758023083},"geometry":{"type":"Point","coordinates":[103.77263006717358,1.295623103647899]}},{"type":"Feature","properties":{"id":"wood-174774041-10","mapped":false,"height":6.939862108789384,"radius":2.537673403415829},"geometry":{"type":"Point","coordinates":[103.77262230779029,1.2956756280855704]}},{"type":"Feature","properties":{"id":"wood-174774041-11","mapped":false,"height":8.881085297558457,"radius":3.624462005030364},"geometry":{"type":"Point","coordinates":[103.77272600711501,1.2949540961393253]}},{"type":"Feature","properties":{"id":"wood-174774041-12","mapped":false,"height":7.654277264606208,"radius":2.9906100428663196},"geometry":{"type":"Point","coordinates":[103.77271019527616,1.2950230306118173]}},{"type":"Feature","properties":{"id":"wood-174774041-13","mapped":false,"height":9.971946232486516,"radius":3.695912675838917},"geometry":{"type":"Point","coordinates":[103.77273135154498,1.2951613853991877]}},{"type":"Feature","properties":{"id":"wood-174774041-14","mapped":false,"height":10.892615617718548,"radius":3.025941479112953},"geometry":{"type":"Point","coordinates":[103.77274681855327,1.2952633854670084]}},{"type":"Feature","properties":{"id":"wood-174774041-15","mapped":false,"height":7.008565092924982,"radius":3.2179937968961894},"geometry":{"type":"Point","coordinates":[103.77275812178658,1.2953578086601858]}},{"type":"Feature","properties":{"id":"wood-174774041-16","mapped":false,"height":8.766692403238267,"radius":3.664681609626859},"geometry":{"type":"Point","coordinates":[103.77272803684485,1.2954901725926071]}},{"type":"Feature","properties":{"id":"wood-174774041-17","mapped":false,"height":8.477851745206863,"radius":3.065567276161164},"geometry":{"type":"Point","coordinates":[103.7727648735001,1.295613739896166]}},{"type":"Feature","properties":{"id":"wood-174774041-18","mapped":false,"height":6.905293708201498,"radius":2.5455961509607734},"geometry":{"type":"Point","coordinates":[103.77276569530088,1.2956916855791594]}},{"type":"Feature","properties":{"id":"wood-174774041-19","mapped":false,"height":6.199694084003568,"radius":2.9741238166578112},"geometry":{"type":"Point","coordinates":[103.7728529670457,1.2951727139687126]}},{"type":"Feature","properties":{"id":"wood-174774041-20","mapped":false,"height":9.765778499655426,"radius":3.372994914744049},"geometry":{"type":"Point","coordinates":[103.77283343689483,1.2952783497146012]}},{"type":"Feature","properties":{"id":"wood-174774041-21","mapped":false,"height":8.356611136347055,"radius":3.5396963072009386},"geometry":{"type":"Point","coordinates":[103.77281678517788,1.2953891944842932]}},{"type":"Feature","properties":{"id":"wood-174774041-22","mapped":false,"height":10.125836794264615,"radius":3.6208751612342893},"geometry":{"type":"Point","coordinates":[103.77283050980391,1.2954923414570148]}},{"type":"Feature","properties":{"id":"wood-174774041-23","mapped":false,"height":10.43148030899465,"radius":2.7260006044991316},"geometry":{"type":"Point","coordinates":[103.77286737704596,1.295568392074626]}},{"type":"Feature","properties":{"id":"wood-174774041-24","mapped":false,"height":8.734445086680353,"radius":3.3131791547872127},"geometry":{"type":"Point","coordinates":[103.77285153665328,1.295708765001582]}},{"type":"Feature","properties":{"id":"wood-174774041-25","mapped":false,"height":6.663891031872481,"radius":3.5560401774011554},"geometry":{"type":"Point","coordinates":[103.77297158753383,1.2951707131675823]}},{"type":"Feature","properties":{"id":"wood-174774041-26","mapped":false,"height":9.925722606945783,"radius":3.604639910440892},"geometry":{"type":"Point","coordinates":[103.77298604159651,1.2952894014334033]}},{"type":"Feature","properties":{"id":"wood-174774041-27","mapped":false,"height":10.265534000005573,"radius":3.498807793762535},"geometry":{"type":"Point","coordinates":[103.77297849547797,1.2953564312916257]}},{"type":"Feature","properties":{"id":"wood-174774041-28","mapped":false,"height":7.304474512580782,"radius":2.8884144137613474},"geometry":{"type":"Point","coordinates":[103.77296659465883,1.2954854530236786]}},{"type":"Feature","properties":{"id":"wood-174774041-29","mapped":false,"height":10.909913081210107,"radius":3.5204418680630623},"geometry":{"type":"Point","coordinates":[103.77295254528104,1.2955848937893482]}},{"type":"Feature","properties":{"id":"wood-174774041-30","mapped":false,"height":8.345401656348258,"radius":2.7093695077113806},"geometry":{"type":"Point","coordinates":[103.7729466169555,1.2956788066258011]}},{"type":"Feature","properties":{"id":"wood-174774041-31","mapped":false,"height":6.94950684113428,"radius":3.473218936379999},"geometry":{"type":"Point","coordinates":[103.77306621070754,1.2952489141342236]}},{"type":"Feature","properties":{"id":"wood-174774041-32","mapped":false,"height":6.880280986893922,"radius":2.7136118727736176},"geometry":{"type":"Point","coordinates":[103.77304784597001,1.295374181263904]}},{"type":"Feature","properties":{"id":"wood-174774041-33","mapped":false,"height":8.062437736894935,"radius":2.5850427775643765},"geometry":{"type":"Point","coordinates":[103.77303923892097,1.2954558864329764]}},{"type":"Feature","properties":{"id":"wood-174774799-0","mapped":false,"height":8.553942233789712,"radius":2.950489284377545},"geometry":{"type":"Point","coordinates":[103.77559540109795,1.2933331694638006]}},{"type":"Feature","properties":{"id":"wood-174774799-1","mapped":false,"height":6.860540955327451,"radius":3.2473615095950663},"geometry":{"type":"Point","coordinates":[103.77568486309401,1.292912171861657]}},{"type":"Feature","properties":{"id":"wood-174774799-2","mapped":false,"height":7.284931376576424,"radius":2.8791845765896142},"geometry":{"type":"Point","coordinates":[103.77568380235056,1.2929981757882676]}},{"type":"Feature","properties":{"id":"wood-174774799-3","mapped":false,"height":8.392402128316462,"radius":3.5399141975678505},"geometry":{"type":"Point","coordinates":[103.77570075338139,1.2931327493606108]}},{"type":"Feature","properties":{"id":"wood-174774799-4","mapped":false,"height":8.092171283438802,"radius":3.120617400575429},"geometry":{"type":"Point","coordinates":[103.7756874743113,1.2932386224690333]}},{"type":"Feature","properties":{"id":"wood-174774799-5","mapped":false,"height":8.131442907266319,"radius":2.7845337600447237},"geometry":{"type":"Point","coordinates":[103.77566408183905,1.293353768496008]}},{"type":"Feature","properties":{"id":"wood-174774799-6","mapped":false,"height":6.15503840520978,"radius":2.855625201482326},"geometry":{"type":"Point","coordinates":[103.775662812834,1.29342311757297]}},{"type":"Feature","properties":{"id":"wood-174774799-7","mapped":false,"height":7.711316932924092,"radius":2.739547681156546},"geometry":{"type":"Point","coordinates":[103.7756792371046,1.2935721350715286]}},{"type":"Feature","properties":{"id":"wood-174774799-8","mapped":false,"height":9.296271413564682,"radius":3.065200867969543},"geometry":{"type":"Point","coordinates":[103.77579907593275,1.2927875710560819]}},{"type":"Feature","properties":{"id":"wood-174774799-9","mapped":false,"height":10.751486391760409,"radius":3.475980366114527},"geometry":{"type":"Point","coordinates":[103.77580885224997,1.2928519702753025]}},{"type":"Feature","properties":{"id":"wood-174774799-10","mapped":false,"height":6.717369066551328,"radius":3.6822018911130723},"geometry":{"type":"Point","coordinates":[103.77580559432046,1.2929568596662833]}},{"type":"Feature","properties":{"id":"wood-174774799-11","mapped":false,"height":6.1228251634165645,"radius":2.9165141970850526},"geometry":{"type":"Point","coordinates":[103.77578715504903,1.2931285957902086]}},{"type":"Feature","properties":{"id":"wood-174774799-12","mapped":false,"height":10.068791810423136,"radius":2.948460264224559},"geometry":{"type":"Point","coordinates":[103.77581580243296,1.2931753259415992]}},{"type":"Feature","properties":{"id":"wood-174774799-13","mapped":false,"height":6.099782948382199,"radius":3.074198978487402},"geometry":{"type":"Point","coordinates":[103.77578240108052,1.2933291603895252]}},{"type":"Feature","properties":{"id":"wood-174774799-14","mapped":false,"height":9.687348803505301,"radius":2.6073986862786116},"geometry":{"type":"Point","coordinates":[103.77576101365146,1.2934288036031902]}},{"type":"Feature","properties":{"id":"wood-174774799-15","mapped":false,"height":10.191074422560632,"radius":3.5400526241399346},"geometry":{"type":"Point","coordinates":[103.77578689096929,1.2935312382118938]}},{"type":"Feature","properties":{"id":"wood-174774799-16","mapped":false,"height":7.8102733115665615,"radius":2.827426046784967},"geometry":{"type":"Point","coordinates":[103.7759237191974,1.2926876167022547]}},{"type":"Feature","properties":{"id":"wood-174774799-17","mapped":false,"height":8.137570932973176,"radius":2.8450112896971405},"geometry":{"type":"Point","coordinates":[103.77588768870173,1.2927568276090193]}},{"type":"Feature","properties":{"id":"wood-174774799-18","mapped":false,"height":9.690387511160225,"radius":3.3285649209283292},"geometry":{"type":"Point","coordinates":[103.7759271487742,1.2928839571154789]}},{"type":"Feature","properties":{"id":"wood-174774799-19","mapped":false,"height":6.335020052734762,"radius":2.6040683667175473},"geometry":{"type":"Point","coordinates":[103.77587511690471,1.292986397873668]}},{"type":"Feature","properties":{"id":"wood-174774799-20","mapped":false,"height":9.53994223056361,"radius":3.3452005020342765},"geometry":{"type":"Point","coordinates":[103.77593188120542,1.2931140489061663]}},{"type":"Feature","properties":{"id":"wood-174774799-21","mapped":false,"height":6.658580262679607,"radius":3.578098392765969},"geometry":{"type":"Point","coordinates":[103.77589498759339,1.2931844614801205]}},{"type":"Feature","properties":{"id":"wood-174774799-22","mapped":false,"height":7.166190353687853,"radius":3.5029149129055437},"geometry":{"type":"Point","coordinates":[103.77586941251998,1.2933053970906438]}},{"type":"Feature","properties":{"id":"wood-174774799-23","mapped":false,"height":10.991462698671967,"radius":2.6509232367388904},"geometry":{"type":"Point","coordinates":[103.77591713999733,1.29343464130359]}},{"type":"Feature","properties":{"id":"wood-174774799-24","mapped":false,"height":9.333477049600333,"radius":2.9959182060323655},"geometry":{"type":"Point","coordinates":[103.77590286167154,1.2935244172076996]}},{"type":"Feature","properties":{"id":"wood-174774799-25","mapped":false,"height":8.76419946923852,"radius":2.572449786681682},"geometry":{"type":"Point","coordinates":[103.77602472173253,1.2926823975937134]}},{"type":"Feature","properties":{"id":"wood-174774799-26","mapped":false,"height":6.656908308155835,"radius":2.855673509184271},"geometry":{"type":"Point","coordinates":[103.77602339337717,1.292801718601507]}},{"type":"Feature","properties":{"id":"wood-174774799-27","mapped":false,"height":6.37528179353103,"radius":3.0058521046303213},"geometry":{"type":"Point","coordinates":[103.77604508180191,1.2932069011767509]}},{"type":"Feature","properties":{"id":"wood-174774799-28","mapped":false,"height":10.399897104594857,"radius":3.678007748257369},"geometry":{"type":"Point","coordinates":[103.77603466824561,1.2933021100479571]}},{"type":"Feature","properties":{"id":"wood-174774799-29","mapped":false,"height":7.0079086269252,"radius":2.569017407950014},"geometry":{"type":"Point","coordinates":[103.77602724289711,1.293423886033606]}},{"type":"Feature","properties":{"id":"wood-174774799-30","mapped":false,"height":6.123009302187711,"radius":3.2773753273300827},"geometry":{"type":"Point","coordinates":[103.77601871455795,1.293550138524624]}},{"type":"Feature","properties":{"id":"wood-174774799-31","mapped":false,"height":6.5306457774713635,"radius":3.5423404925502835},"geometry":{"type":"Point","coordinates":[103.77611049904165,1.2926378569642425]}},{"type":"Feature","properties":{"id":"wood-174774799-32","mapped":false,"height":10.607149725779891,"radius":2.9986344729550183},"geometry":{"type":"Point","coordinates":[103.77609414589003,1.2927881545248507]}},{"type":"Feature","properties":{"id":"wood-174774799-33","mapped":false,"height":6.93101414386183,"radius":3.09955635452643},"geometry":{"type":"Point","coordinates":[103.77611071325221,1.29334669335637]}},{"type":"Feature","properties":{"id":"wood-174774799-34","mapped":false,"height":7.399209359660745,"radius":2.533534999657422},"geometry":{"type":"Point","coordinates":[103.77611355081434,1.2933998176690447]}},{"type":"Feature","properties":{"id":"wood-174774799-35","mapped":false,"height":8.51159645151347,"radius":2.8033108771778643},"geometry":{"type":"Point","coordinates":[103.77614296753643,1.293519149848239]}},{"type":"Feature","properties":{"id":"wood-174774799-36","mapped":false,"height":8.354551856406033,"radius":2.886189787928015},"geometry":{"type":"Point","coordinates":[103.77624069594604,1.2925801384773077]}},{"type":"Feature","properties":{"id":"wood-174774799-37","mapped":false,"height":7.396891614422202,"radius":3.0267606352455916},"geometry":{"type":"Point","coordinates":[103.77624780189277,1.292676098896402]}},{"type":"Feature","properties":{"id":"wood-174774799-38","mapped":false,"height":8.914854637347162,"radius":3.6029368356801568},"geometry":{"type":"Point","coordinates":[103.77620636371795,1.2927581635462277]}},{"type":"Feature","properties":{"id":"wood-174774799-39","mapped":false,"height":7.326625871006399,"radius":3.2459864298813046},"geometry":{"type":"Point","coordinates":[103.77635998083628,1.2925620389567891]}},{"type":"Feature","properties":{"id":"wood-174774799-40","mapped":false,"height":9.272111441474408,"radius":3.094590412732214},"geometry":{"type":"Point","coordinates":[103.77631728631856,1.2926799333574361]}},{"type":"Feature","properties":{"id":"wood-174774799-41","mapped":false,"height":9.555610754992813,"radius":3.5013506262563165},"geometry":{"type":"Point","coordinates":[103.77648272457878,1.2925300446408166]}},{"type":"Feature","properties":{"id":"wood-174774799-42","mapped":false,"height":7.615583004895598,"radius":3.5755752901546654},"geometry":{"type":"Point","coordinates":[103.77647914296708,1.2926478136036377]}},{"type":"Feature","properties":{"id":"wood-174774799-43","mapped":false,"height":8.862121269572526,"radius":3.360778017621487},"geometry":{"type":"Point","coordinates":[103.77659735061737,1.2925468921981025]}},{"type":"Feature","properties":{"id":"wood-174774799-44","mapped":false,"height":7.356368868146092,"radius":2.7569417770020666},"geometry":{"type":"Point","coordinates":[103.77666412092965,1.2924609453717821]}},{"type":"Feature","properties":{"id":"wood-174774799-45","mapped":false,"height":7.338551051449031,"radius":3.1886207348667086},"geometry":{"type":"Point","coordinates":[103.77665598767943,1.2925726171458622]}},{"type":"Feature","properties":{"id":"wood-174774799-46","mapped":false,"height":8.424410542007536,"radius":3.253065989818424},"geometry":{"type":"Point","coordinates":[103.77679906856048,1.2924561187545507]}},{"type":"Feature","properties":{"id":"wood-174774799-47","mapped":false,"height":6.327114446554333,"radius":2.8250777716748416},"geometry":{"type":"Point","coordinates":[103.77676338240472,1.2925277136423643]}},{"type":"Feature","properties":{"id":"wood-174774799-48","mapped":false,"height":8.560319807380438,"radius":3.1018527490086854},"geometry":{"type":"Point","coordinates":[103.77691671135267,1.2918648019235641]}},{"type":"Feature","properties":{"id":"wood-174774799-49","mapped":false,"height":6.705695762299001,"radius":3.5605793462134896},"geometry":{"type":"Point","coordinates":[103.77690850661293,1.2924203611996554]}},{"type":"Feature","properties":{"id":"wood-174774799-50","mapped":false,"height":7.737529034726322,"radius":2.9072482467629017},"geometry":{"type":"Point","coordinates":[103.77699925240238,1.2919055386974072]}},{"type":"Feature","properties":{"id":"wood-174774799-51","mapped":false,"height":6.136115830391645,"radius":3.5519014042802155},"geometry":{"type":"Point","coordinates":[103.77703712143428,1.29201586914458]}},{"type":"Feature","properties":{"id":"wood-174774799-52","mapped":false,"height":9.543702107854187,"radius":2.963539805356413},"geometry":{"type":"Point","coordinates":[103.77697278073052,1.2921259472255378]}},{"type":"Feature","properties":{"id":"wood-174774799-53","mapped":false,"height":7.294295368716121,"radius":3.262948495615274},"geometry":{"type":"Point","coordinates":[103.77698500455973,1.2922052595750118]}},{"type":"Feature","properties":{"id":"wood-174774799-54","mapped":false,"height":9.077223091386259,"radius":2.7271670983172953},"geometry":{"type":"Point","coordinates":[103.77698793015897,1.2923583434487662]}},{"type":"Feature","properties":{"id":"wood-174774799-55","mapped":false,"height":7.08047062298283,"radius":2.8705744861625133},"geometry":{"type":"Point","coordinates":[103.7771062603467,1.2919140553918402]}},{"type":"Feature","properties":{"id":"wood-174774799-56","mapped":false,"height":8.381757164839655,"radius":2.6260347018949686},"geometry":{"type":"Point","coordinates":[103.7771242919049,1.2920334663398392]}},{"type":"Feature","properties":{"id":"wood-174774799-57","mapped":false,"height":8.35653257695958,"radius":3.3563208422623574},"geometry":{"type":"Point","coordinates":[103.77711353477537,1.2921424238620434]}},{"type":"Feature","properties":{"id":"wood-174774799-58","mapped":false,"height":10.433815118391067,"radius":3.0496671411208807},"geometry":{"type":"Point","coordinates":[103.77710990615198,1.292198087074721]}},{"type":"Feature","properties":{"id":"wood-174774799-59","mapped":false,"height":6.2606444410048425,"radius":2.588440827932209},"geometry":{"type":"Point","coordinates":[103.77713604575519,1.2923611212205437]}},{"type":"Feature","properties":{"id":"wood-174774799-60","mapped":false,"height":6.2602480934001505,"radius":2.65312161995098},"geometry":{"type":"Point","coordinates":[103.77714018973334,1.292426370886361]}},{"type":"Feature","properties":{"id":"wood-174774799-61","mapped":false,"height":8.300559587311,"radius":2.530578089412302},"geometry":{"type":"Point","coordinates":[103.77713991761098,1.2925518828303477]}},{"type":"Feature","properties":{"id":"wood-174774799-62","mapped":false,"height":9.45879866508767,"radius":3.2268027803860604},"geometry":{"type":"Point","coordinates":[103.7772328497301,1.2920074422999952]}},{"type":"Feature","properties":{"id":"wood-174774799-63","mapped":false,"height":6.472324502188712,"radius":3.0093629273585973},"geometry":{"type":"Point","coordinates":[103.77721687604779,1.292113910029942]}},{"type":"Feature","properties":{"id":"wood-174774799-64","mapped":false,"height":6.253589411731809,"radius":3.003016661014408},"geometry":{"type":"Point","coordinates":[103.77723604668309,1.2922356261573282]}},{"type":"Feature","properties":{"id":"wood-174774799-65","mapped":false,"height":8.914846821222454,"radius":2.8805044407956304},"geometry":{"type":"Point","coordinates":[103.77724077246695,1.292351018643027]}},{"type":"Feature","properties":{"id":"wood-174774799-66","mapped":false,"height":7.467157683800906,"radius":2.937752456124872},"geometry":{"type":"Point","coordinates":[103.77722599315341,1.2924441297286113]}},{"type":"Feature","properties":{"id":"wood-174774799-67","mapped":false,"height":10.380510107148439,"radius":3.6439458685927093},"geometry":{"type":"Point","coordinates":[103.7772232349146,1.292556675872879]}},{"type":"Feature","properties":{"id":"wood-174774799-68","mapped":false,"height":8.035540544893593,"radius":3.533398929145187},"geometry":{"type":"Point","coordinates":[103.77721097838284,1.2926531447977498]}},{"type":"Feature","properties":{"id":"wood-174774799-69","mapped":false,"height":7.8183538457378745,"radius":2.8877000079490243},"geometry":{"type":"Point","coordinates":[103.777347123725,1.2920087804457328]}},{"type":"Feature","properties":{"id":"wood-174774799-70","mapped":false,"height":9.436786234378815,"radius":3.1689086225815117},"geometry":{"type":"Point","coordinates":[103.77733607575362,1.2921242362980978]}},{"type":"Feature","properties":{"id":"wood-174774799-71","mapped":false,"height":10.40550094936043,"radius":3.1355377682484686},"geometry":{"type":"Point","coordinates":[103.77731094990351,1.292248576775749]}},{"type":"Feature","properties":{"id":"wood-174774799-72","mapped":false,"height":9.118030028417706,"radius":2.5272140433080494},"geometry":{"type":"Point","coordinates":[103.77732137356217,1.2923190196840715]}},{"type":"Feature","properties":{"id":"wood-174774799-73","mapped":false,"height":7.937727439217269,"radius":2.967064717505127},"geometry":{"type":"Point","coordinates":[103.77736522526918,1.2924716298362025]}},{"type":"Feature","properties":{"id":"wood-174774799-74","mapped":false,"height":10.491775427013636,"radius":3.3815175366587935},"geometry":{"type":"Point","coordinates":[103.77734442756281,1.2925694385598663]}},{"type":"Feature","properties":{"id":"wood-174774799-75","mapped":false,"height":7.661479924805462,"radius":2.7525224023498596},"geometry":{"type":"Point","coordinates":[103.77736069099862,1.2926849284385862]}},{"type":"Feature","properties":{"id":"wood-174774799-76","mapped":false,"height":8.284480025991797,"radius":2.570944926608354},"geometry":{"type":"Point","coordinates":[103.77730667808986,1.2927879770372688]}},{"type":"Feature","properties":{"id":"wood-174774799-77","mapped":false,"height":6.834496519528329,"radius":2.859881861601025},"geometry":{"type":"Point","coordinates":[103.7773155559198,1.2928478533621663]}},{"type":"Feature","properties":{"id":"wood-174774799-78","mapped":false,"height":8.877879969310015,"radius":3.5407013482414182},"geometry":{"type":"Point","coordinates":[103.77740917973783,1.2920335498633344]}},{"type":"Feature","properties":{"id":"wood-174774799-79","mapped":false,"height":6.4883954976685345,"radius":3.147063179593533},"geometry":{"type":"Point","coordinates":[103.77743767284848,1.2921185378668472]}},{"type":"Feature","properties":{"id":"wood-174774799-80","mapped":false,"height":8.700704091694206,"radius":2.658056118991226},"geometry":{"type":"Point","coordinates":[103.77742760051223,1.2922030522123646]}},{"type":"Feature","properties":{"id":"wood-174774799-81","mapped":false,"height":7.4102775626815856,"radius":3.3256869832985103},"geometry":{"type":"Point","coordinates":[103.77744641015066,1.2923164496632495]}},{"type":"Feature","properties":{"id":"wood-174774799-82","mapped":false,"height":6.5971862631849945,"radius":3.1348162881098687},"geometry":{"type":"Point","coordinates":[103.7774151674638,1.292453112884659]}},{"type":"Feature","properties":{"id":"wood-174774799-83","mapped":false,"height":8.57762496592477,"radius":3.0704189899377523},"geometry":{"type":"Point","coordinates":[103.77744760611284,1.2925154088175688]}},{"type":"Feature","properties":{"id":"wood-174774799-84","mapped":false,"height":10.709540305193514,"radius":3.401642103400081},"geometry":{"type":"Point","coordinates":[103.77746436294956,1.2926690591621697]}},{"type":"Feature","properties":{"id":"wood-174774799-85","mapped":false,"height":6.692984780762345,"radius":2.901409193407744},"geometry":{"type":"Point","coordinates":[103.77746161754274,1.2927907667206433]}},{"type":"Feature","properties":{"id":"wood-174774799-86","mapped":false,"height":7.855822324287146,"radius":3.4203217423520984},"geometry":{"type":"Point","coordinates":[103.77745085475136,1.292855441349309]}},{"type":"Feature","properties":{"id":"wood-174774799-87","mapped":false,"height":7.528476420789957,"radius":3.3147172641940417},"geometry":{"type":"Point","coordinates":[103.77753676437335,1.2920189847298027]}},{"type":"Feature","properties":{"id":"wood-174774799-88","mapped":false,"height":8.428795103915036,"radius":2.8241641693748534},"geometry":{"type":"Point","coordinates":[103.77758515207579,1.2921093776722965]}},{"type":"Feature","properties":{"id":"wood-174774799-89","mapped":false,"height":6.872565945610404,"radius":3.4626296852715313},"geometry":{"type":"Point","coordinates":[103.77756822643109,1.2922406373639281]}},{"type":"Feature","properties":{"id":"wood-174774799-90","mapped":false,"height":9.31410055514425,"radius":3.557653923425823},"geometry":{"type":"Point","coordinates":[103.77758064255964,1.2922970022933713]}},{"type":"Feature","properties":{"id":"wood-174774799-91","mapped":false,"height":10.440532959997654,"radius":3.533339190203696},"geometry":{"type":"Point","coordinates":[103.77754681002973,1.2924551633037318]}},{"type":"Feature","properties":{"id":"wood-174774799-92","mapped":false,"height":6.1347712660208344,"radius":2.817259166482836},"geometry":{"type":"Point","coordinates":[103.77754206656368,1.2925273342712567]}},{"type":"Feature","properties":{"id":"wood-174774799-93","mapped":false,"height":10.212863380089402,"radius":3.1235399623401463},"geometry":{"type":"Point","coordinates":[103.77757114666571,1.2926841567684215]}},{"type":"Feature","properties":{"id":"wood-174774799-94","mapped":false,"height":7.201401795260608,"radius":3.5808630467392506},"geometry":{"type":"Point","coordinates":[103.77752691392176,1.2927760324613908]}},{"type":"Feature","properties":{"id":"wood-174774799-95","mapped":false,"height":10.579746341332793,"radius":3.3301952396519483},"geometry":{"type":"Point","coordinates":[103.77764373298162,1.292001642763006]}},{"type":"Feature","properties":{"id":"wood-174774799-96","mapped":false,"height":7.629240936599672,"radius":3.328080023918301},"geometry":{"type":"Point","coordinates":[103.77766464952167,1.2921054771534135]}},{"type":"Feature","properties":{"id":"wood-174774799-97","mapped":false,"height":7.372212581336498,"radius":3.298549359757453},"geometry":{"type":"Point","coordinates":[103.77766293049379,1.292240597332685]}},{"type":"Feature","properties":{"id":"wood-174774799-98","mapped":false,"height":10.519755416549742,"radius":2.9956173577345906},"geometry":{"type":"Point","coordinates":[103.77765541935759,1.2922966042620285]}},{"type":"Feature","properties":{"id":"wood-174774799-99","mapped":false,"height":10.584267446771264,"radius":3.448522432614118},"geometry":{"type":"Point","coordinates":[103.77763846377646,1.292437923083256]}},{"type":"Feature","properties":{"id":"wood-174774799-100","mapped":false,"height":6.422480325214565,"radius":2.5584802330471574},"geometry":{"type":"Point","coordinates":[103.77767461666741,1.292548729266242]}},{"type":"Feature","properties":{"id":"wood-174774799-101","mapped":false,"height":10.584153201431036,"radius":3.4091084462590517},"geometry":{"type":"Point","coordinates":[103.77765756967271,1.2926398962407624]}},{"type":"Feature","properties":{"id":"wood-174774799-102","mapped":false,"height":8.23205563146621,"radius":3.3592734777368607},"geometry":{"type":"Point","coordinates":[103.77765328780352,1.292801558262703]}},{"type":"Feature","properties":{"id":"wood-174774799-103","mapped":false,"height":10.592134542763233,"radius":3.4432318803854285},"geometry":{"type":"Point","coordinates":[103.77778788987845,1.2920303318606006]}},{"type":"Feature","properties":{"id":"wood-174774799-104","mapped":false,"height":9.44890231732279,"radius":2.5744195797480645},"geometry":{"type":"Point","coordinates":[103.77774632384065,1.2920812532429737]}},{"type":"Feature","properties":{"id":"wood-174774799-105","mapped":false,"height":9.717668736353517,"radius":3.3960924883373083},"geometry":{"type":"Point","coordinates":[103.7778049652668,1.2922111058638492]}},{"type":"Feature","properties":{"id":"wood-174774799-106","mapped":false,"height":6.850929613225162,"radius":3.6507504344917834},"geometry":{"type":"Point","coordinates":[103.77779902515495,1.2923564327468133]}},{"type":"Feature","properties":{"id":"wood-174774799-107","mapped":false,"height":6.893622320145369,"radius":3.1894671601243316},"geometry":{"type":"Point","coordinates":[103.77780589815032,1.2924290588597271]}},{"type":"Feature","properties":{"id":"wood-174774799-108","mapped":false,"height":7.6687336983159184,"radius":2.533487000409514},"geometry":{"type":"Point","coordinates":[103.77773926593883,1.2925672477309376]}},{"type":"Feature","properties":{"id":"wood-174774799-109","mapped":false,"height":7.7998220305889845,"radius":3.6869934384711085},"geometry":{"type":"Point","coordinates":[103.77775237056257,1.2926710670498636]}},{"type":"Feature","properties":{"id":"wood-174774799-110","mapped":false,"height":6.46225103083998,"radius":3.598587707523256},"geometry":{"type":"Point","coordinates":[103.77789004368472,1.2919147089484675]}},{"type":"Feature","properties":{"id":"wood-174774799-111","mapped":false,"height":9.66873131133616,"radius":2.779922004509717},"geometry":{"type":"Point","coordinates":[103.77790638355857,1.2920032265945771]}},{"type":"Feature","properties":{"id":"wood-174774799-112","mapped":false,"height":10.3080387217924,"radius":3.540095526073128},"geometry":{"type":"Point","coordinates":[103.77786384055624,1.29211225813748]}},{"type":"Feature","properties":{"id":"wood-174774799-113","mapped":false,"height":6.435913857072592,"radius":2.6663880688138306},"geometry":{"type":"Point","coordinates":[103.77785398107585,1.292230673833123]}},{"type":"Feature","properties":{"id":"wood-174774799-114","mapped":false,"height":8.301185843534768,"radius":3.1111718975938856},"geometry":{"type":"Point","coordinates":[103.77790617222816,1.2923184602323143]}},{"type":"Feature","properties":{"id":"wood-174774799-115","mapped":false,"height":10.88391931168735,"radius":2.9734303002245723},"geometry":{"type":"Point","coordinates":[103.77787132390189,1.2924381795313087]}},{"type":"Feature","properties":{"id":"wood-174774799-116","mapped":false,"height":7.786100431345403,"radius":2.500198017153889},"geometry":{"type":"Point","coordinates":[103.77787526950111,1.2925567316567683]}},{"type":"Feature","properties":{"id":"wood-174774799-117","mapped":false,"height":9.99048700928688,"radius":2.876673546154052},"geometry":{"type":"Point","coordinates":[103.7779122541044,1.2926835128350993]}},{"type":"Feature","properties":{"id":"wood-174774799-118","mapped":false,"height":8.743119234219193,"radius":2.913682856131345},"geometry":{"type":"Point","coordinates":[103.77800595107368,1.291651306759814]}},{"type":"Feature","properties":{"id":"wood-174774799-119","mapped":false,"height":9.865096713416278,"radius":2.8089373827911914},"geometry":{"type":"Point","coordinates":[103.77799026404315,1.2917768206726168]}},{"type":"Feature","properties":{"id":"wood-174774799-120","mapped":false,"height":8.297941874712706,"radius":3.191043047327548},"geometry":{"type":"Point","coordinates":[103.7779984883712,1.2918664501453252]}},{"type":"Feature","properties":{"id":"wood-174774799-121","mapped":false,"height":6.481951129622757,"radius":2.712250044289976},"geometry":{"type":"Point","coordinates":[103.77802364534334,1.2919654985012081]}},{"type":"Feature","properties":{"id":"wood-174774799-122","mapped":false,"height":6.769320456311107,"radius":3.5350914661772546},"geometry":{"type":"Point","coordinates":[103.777969781445,1.2920901161933567]}},{"type":"Feature","properties":{"id":"wood-174774799-123","mapped":false,"height":10.080456434749067,"radius":3.202573733124882},"geometry":{"type":"Point","coordinates":[103.7780233178488,1.2922226566396438]}},{"type":"Feature","properties":{"id":"wood-174774799-124","mapped":false,"height":10.678451344370842,"radius":2.5970388975925744},"geometry":{"type":"Point","coordinates":[103.77797200732374,1.2923109285420615]}},{"type":"Feature","properties":{"id":"wood-174774799-125","mapped":false,"height":6.827347324229777,"radius":2.8564488240517676},"geometry":{"type":"Point","coordinates":[103.77797946731624,1.2924649384404316]}},{"type":"Feature","properties":{"id":"wood-174774799-126","mapped":false,"height":8.349814595654607,"radius":2.816841243673116},"geometry":{"type":"Point","coordinates":[103.77802075795307,1.2925822172504913]}},{"type":"Feature","properties":{"id":"wood-174774799-127","mapped":false,"height":8.349868747405708,"radius":2.8497076840139925},"geometry":{"type":"Point","coordinates":[103.77796197371619,1.2926803245363543]}},{"type":"Feature","properties":{"id":"wood-174774799-128","mapped":false,"height":9.573139721993357,"radius":2.878261805605143},"geometry":{"type":"Point","coordinates":[103.77809423268626,1.2915424518982892]}},{"type":"Feature","properties":{"id":"wood-174774799-129","mapped":false,"height":9.325043830554932,"radius":3.6429746351204813},"geometry":{"type":"Point","coordinates":[103.77812218996083,1.2916549041934045]}},{"type":"Feature","properties":{"id":"wood-174774799-130","mapped":false,"height":7.024830129463226,"radius":2.8723803135566413},"geometry":{"type":"Point","coordinates":[103.77807683865353,1.291800137847328]}},{"type":"Feature","properties":{"id":"wood-174774799-131","mapped":false,"height":10.653156434651464,"radius":2.8347347422502933},"geometry":{"type":"Point","coordinates":[103.77810524109225,1.2918794369992161]}},{"type":"Feature","properties":{"id":"wood-174774799-132","mapped":false,"height":8.851634083781391,"radius":3.0768750603310764},"geometry":{"type":"Point","coordinates":[103.7780822240015,1.2920064487261527]}},{"type":"Feature","properties":{"id":"wood-174774799-133","mapped":false,"height":8.497596002649516,"radius":3.0199960119090976},"geometry":{"type":"Point","coordinates":[103.7780713129507,1.2921096433702965]}},{"type":"Feature","properties":{"id":"wood-174774799-134","mapped":false,"height":9.529841334093362,"radius":2.578473188262433},"geometry":{"type":"Point","coordinates":[103.77812975859936,1.2922129682254062]}},{"type":"Feature","properties":{"id":"wood-174774799-135","mapped":false,"height":9.91598162939772,"radius":2.6204831450246275},"geometry":{"type":"Point","coordinates":[103.77811937348893,1.2923370383327377]}},{"type":"Feature","properties":{"id":"wood-174774799-136","mapped":false,"height":9.902013602200896,"radius":2.589170394372195},"geometry":{"type":"Point","coordinates":[103.7781323981318,1.2924507081363181]}},{"type":"Feature","properties":{"id":"wood-174774799-137","mapped":false,"height":10.93474344490096,"radius":2.503111272212118},"geometry":{"type":"Point","coordinates":[103.77812911514697,1.2925703677475935]}},{"type":"Feature","properties":{"id":"wood-174774799-138","mapped":false,"height":10.897687707562,"radius":3.654824680369347},"geometry":{"type":"Point","coordinates":[103.77813143019266,1.2926318075694534]}},{"type":"Feature","properties":{"id":"wood-174774799-139","mapped":false,"height":10.784225060138851,"radius":3.3156561966054143},"geometry":{"type":"Point","coordinates":[103.77819253566271,1.2916743303542784]}},{"type":"Feature","properties":{"id":"wood-174774799-140","mapped":false,"height":8.822679511737078,"radius":2.930707365926355},"geometry":{"type":"Point","coordinates":[103.77820294627817,1.2918040242865043]}},{"type":"Feature","properties":{"id":"wood-174774799-141","mapped":false,"height":7.470382616389543,"radius":3.6531725603155794},"geometry":{"type":"Point","coordinates":[103.77819405709128,1.291890239687936]}},{"type":"Feature","properties":{"id":"wood-174774799-142","mapped":false,"height":8.324401491787285,"radius":2.6376297025941313},"geometry":{"type":"Point","coordinates":[103.77822775571681,1.2920148800519775]}},{"type":"Feature","properties":{"id":"wood-174774799-143","mapped":false,"height":9.38616498047486,"radius":3.086671547126025},"geometry":{"type":"Point","coordinates":[103.7782466995372,1.2921075316341795]}},{"type":"Feature","properties":{"id":"wood-174774799-144","mapped":false,"height":6.874512966256589,"radius":3.6701195470057426},"geometry":{"type":"Point","coordinates":[103.77823364858848,1.2922471034668868]}},{"type":"Feature","properties":{"id":"wood-174774799-145","mapped":false,"height":9.60222225310281,"radius":2.542284596245736},"geometry":{"type":"Point","coordinates":[103.77824426524275,1.292333535733262]}},{"type":"Feature","properties":{"id":"wood-174774799-146","mapped":false,"height":8.806634006556123,"radius":3.3760246469639243},"geometry":{"type":"Point","coordinates":[103.77820509943771,1.292451920250684]}},{"type":"Feature","properties":{"id":"wood-174774799-147","mapped":false,"height":7.57500775763765,"radius":2.7323492015711963},"geometry":{"type":"Point","coordinates":[103.7782259782031,1.2925388768135215]}},{"type":"Feature","properties":{"id":"wood-174774799-148","mapped":false,"height":10.255226969253272,"radius":3.1843206799589097},"geometry":{"type":"Point","coordinates":[103.77823351823383,1.2926385291452818]}},{"type":"Feature","properties":{"id":"wood-174774799-149","mapped":false,"height":8.256506809499115,"radius":3.262581130769104},"geometry":{"type":"Point","coordinates":[103.7783160928931,1.2917032493819962]}},{"type":"Feature","properties":{"id":"wood-174774799-150","mapped":false,"height":10.717793317977339,"radius":2.764707062672824},"geometry":{"type":"Point","coordinates":[103.77833779854241,1.2917491497105933]}},{"type":"Feature","properties":{"id":"wood-174774799-151","mapped":false,"height":9.345902513246983,"radius":3.5946885517798366},"geometry":{"type":"Point","coordinates":[103.77832419532804,1.2918687503418806]}},{"type":"Feature","properties":{"id":"wood-174774799-152","mapped":false,"height":10.523496453184634,"radius":3.487378484290093},"geometry":{"type":"Point","coordinates":[103.77830892108598,1.2919709849892944]}},{"type":"Feature","properties":{"id":"wood-174774799-153","mapped":false,"height":10.855653119739145,"radius":3.025473679509014},"geometry":{"type":"Point","coordinates":[103.7782919992647,1.292096413609862]}},{"type":"Feature","properties":{"id":"wood-174774799-154","mapped":false,"height":8.235845422837883,"radius":2.927869382034987},"geometry":{"type":"Point","coordinates":[103.77835644720152,1.2921984424969757]}},{"type":"Feature","properties":{"id":"wood-174774799-155","mapped":false,"height":9.147271766792983,"radius":3.3923106289468707},"geometry":{"type":"Point","coordinates":[103.77833350744585,1.2923216439825407]}},{"type":"Feature","properties":{"id":"wood-174774799-156","mapped":false,"height":8.840163179207593,"radius":3.41109049199149},"geometry":{"type":"Point","coordinates":[103.77829072087933,1.292452019498499]}},{"type":"Feature","properties":{"id":"wood-174774799-157","mapped":false,"height":9.431700002402067,"radius":2.8904411596246065},"geometry":{"type":"Point","coordinates":[103.7783066596882,1.292657848469696]}},{"type":"Feature","properties":{"id":"wood-174774799-158","mapped":false,"height":6.166647466830909,"radius":2.513215980026871},"geometry":{"type":"Point","coordinates":[103.77846379574616,1.2910047241214813]}},{"type":"Feature","properties":{"id":"wood-174774799-159","mapped":false,"height":8.75014421902597,"radius":3.696763375867158},"geometry":{"type":"Point","coordinates":[103.77845554219125,1.2915762275510898]}},{"type":"Feature","properties":{"id":"wood-174774799-160","mapped":false,"height":10.618640965782106,"radius":3.588137997779995},"geometry":{"type":"Point","coordinates":[103.77844788731636,1.2916355964378048]}},{"type":"Feature","properties":{"id":"wood-174774799-161","mapped":false,"height":8.753155045211315,"radius":2.8796728548593817},"geometry":{"type":"Point","coordinates":[103.77846786878516,1.2918099422144578]}},{"type":"Feature","properties":{"id":"wood-174774799-162","mapped":false,"height":9.052768879570067,"radius":2.811905495170504},"geometry":{"type":"Point","coordinates":[103.77840125095568,1.2918773375219448]}},{"type":"Feature","properties":{"id":"wood-174774799-163","mapped":false,"height":9.163181254640222,"radius":2.609972770977765},"geometry":{"type":"Point","coordinates":[103.77844416176478,1.2919918510567645]}},{"type":"Feature","properties":{"id":"wood-174774799-164","mapped":false,"height":9.14473710488528,"radius":3.6303637684322894},"geometry":{"type":"Point","coordinates":[103.77846354377789,1.2921372237184798]}},{"type":"Feature","properties":{"id":"wood-174774799-165","mapped":false,"height":7.946121361106634,"radius":3.4213446122594178},"geometry":{"type":"Point","coordinates":[103.77843583766074,1.2921925662415537]}},{"type":"Feature","properties":{"id":"wood-174774799-166","mapped":false,"height":10.449341860599816,"radius":2.965805145446211},"geometry":{"type":"Point","coordinates":[103.77841186682286,1.2923136720615596]}},{"type":"Feature","properties":{"id":"wood-174774799-167","mapped":false,"height":6.101626319810748,"radius":2.675277483928949},"geometry":{"type":"Point","coordinates":[103.77843339198311,1.2924410391657677]}},{"type":"Feature","properties":{"id":"wood-174774799-168","mapped":false,"height":6.91220632661134,"radius":2.839874225202948},"geometry":{"type":"Point","coordinates":[103.77857078341987,1.290792283173125]}},{"type":"Feature","properties":{"id":"wood-174774799-169","mapped":false,"height":8.858024230226874,"radius":3.450917980540544},"geometry":{"type":"Point","coordinates":[103.77852209927126,1.2909098156146575]}},{"type":"Feature","properties":{"id":"wood-174774799-170","mapped":false,"height":10.057686529122293,"radius":2.944054515752941},"geometry":{"type":"Point","coordinates":[103.77854583238111,1.291014504914485]}},{"type":"Feature","properties":{"id":"wood-174774799-171","mapped":false,"height":8.157921977341175,"radius":2.8023216840811074},"geometry":{"type":"Point","coordinates":[103.77851615672205,1.2910981041715723]}},{"type":"Feature","properties":{"id":"wood-174774799-172","mapped":false,"height":10.002884842921048,"radius":3.2376407253555954},"geometry":{"type":"Point","coordinates":[103.77852835053227,1.2915900418089343]}},{"type":"Feature","properties":{"id":"wood-174774799-173","mapped":false,"height":7.439966724719852,"radius":2.930273002292961},"geometry":{"type":"Point","coordinates":[103.77856197982209,1.2916636776594737]}},{"type":"Feature","properties":{"id":"wood-174774799-174","mapped":false,"height":10.739500174764544,"radius":3.1500975559465587},"geometry":{"type":"Point","coordinates":[103.77855852469024,1.2917503424474424]}},{"type":"Feature","properties":{"id":"wood-174774799-175","mapped":false,"height":9.02361487178132,"radius":3.393949999567121},"geometry":{"type":"Point","coordinates":[103.77852732628844,1.2918905934595797]}},{"type":"Feature","properties":{"id":"wood-174774799-176","mapped":false,"height":6.027420383412391,"radius":3.2425694498233497},"geometry":{"type":"Point","coordinates":[103.77850916814359,1.291984539641255]}},{"type":"Feature","properties":{"id":"wood-174774799-177","mapped":false,"height":8.796821107622236,"radius":3.6602811439894136},"geometry":{"type":"Point","coordinates":[103.77853777701226,1.2921116652048674]}},{"type":"Feature","properties":{"id":"wood-174774799-178","mapped":false,"height":7.856057776603848,"radius":2.6802259321324526},"geometry":{"type":"Point","coordinates":[103.77851197803207,1.2922141590976173]}},{"type":"Feature","properties":{"id":"wood-174774799-179","mapped":false,"height":9.235600523184985,"radius":3.4938866443000736},"geometry":{"type":"Point","coordinates":[103.77853522291991,1.292361094078656]}},{"type":"Feature","properties":{"id":"wood-174774799-180","mapped":false,"height":6.642575642559677,"radius":3.5564251626841723},"geometry":{"type":"Point","coordinates":[103.77867928920955,1.2907018494014637]}},{"type":"Feature","properties":{"id":"wood-174774799-181","mapped":false,"height":7.34466928197071,"radius":2.9360589182935657},"geometry":{"type":"Point","coordinates":[103.77868746990916,1.2907608509363335]}},{"type":"Feature","properties":{"id":"wood-174774799-182","mapped":false,"height":9.3823776175268,"radius":3.288196878414601},"geometry":{"type":"Point","coordinates":[103.77864529815979,1.2908697305497536]}},{"type":"Feature","properties":{"id":"wood-174774799-183","mapped":false,"height":6.456802190747112,"radius":3.663254368212074},"geometry":{"type":"Point","coordinates":[103.778647518937,1.291028943676046]}},{"type":"Feature","properties":{"id":"wood-174774799-184","mapped":false,"height":10.834050799254328,"radius":3.600872481893748},"geometry":{"type":"Point","coordinates":[103.7786339975701,1.291095686128867]}},{"type":"Feature","properties":{"id":"wood-174774799-185","mapped":false,"height":8.000130054075271,"radius":3.1380638810805976},"geometry":{"type":"Point","coordinates":[103.77864441185075,1.2914561838626502]}},{"type":"Feature","properties":{"id":"wood-174774799-186","mapped":false,"height":7.866971736308187,"radius":3.054332379903644},"geometry":{"type":"Point","coordinates":[103.77864008800638,1.2915391502213025]}},{"type":"Feature","properties":{"id":"wood-174774799-187","mapped":false,"height":10.089265970978886,"radius":2.8889640386216344},"geometry":{"type":"Point","coordinates":[103.77868809653991,1.2916834086380353]}},{"type":"Feature","properties":{"id":"wood-174774799-188","mapped":false,"height":6.699985332321376,"radius":3.523749304469675},"geometry":{"type":"Point","coordinates":[103.7786800306477,1.2917741836053984]}},{"type":"Feature","properties":{"id":"wood-174774799-189","mapped":false,"height":9.11192798661068,"radius":3.246940721850842},"geometry":{"type":"Point","coordinates":[103.77863013439743,1.291858211723791]}},{"type":"Feature","properties":{"id":"wood-174774799-190","mapped":false,"height":10.428813883569092,"radius":3.1263730495236812},"geometry":{"type":"Point","coordinates":[103.77867645202005,1.2919989949973594]}},{"type":"Feature","properties":{"id":"wood-174774799-191","mapped":false,"height":9.538607510272413,"radius":2.943130252789706},"geometry":{"type":"Point","coordinates":[103.77868200649863,1.2920774349892714]}},{"type":"Feature","properties":{"id":"wood-174774799-192","mapped":false,"height":7.379692207556218,"radius":3.3045093706808983},"geometry":{"type":"Point","coordinates":[103.77862272620409,1.2921951915863639]}},{"type":"Feature","properties":{"id":"wood-174774799-193","mapped":false,"height":7.020521048922092,"radius":3.45503125814721},"geometry":{"type":"Point","coordinates":[103.77865633832793,1.2923256101231666]}},{"type":"Feature","properties":{"id":"wood-174774799-194","mapped":false,"height":7.765776611864567,"radius":2.6188488957472145},"geometry":{"type":"Point","coordinates":[103.77868100717014,1.29252018114519]}},{"type":"Feature","properties":{"id":"wood-174774799-195","mapped":false,"height":6.227916338481009,"radius":3.3696759917773305},"geometry":{"type":"Point","coordinates":[103.77862121938684,1.2926701890744612]}},{"type":"Feature","properties":{"id":"wood-174774799-196","mapped":false,"height":6.3791562002152205,"radius":2.77708074497059},"geometry":{"type":"Point","coordinates":[103.77877748375155,1.2905818581164497]}},{"type":"Feature","properties":{"id":"wood-174774799-197","mapped":false,"height":9.386003314517438,"radius":3.3033848808147015},"geometry":{"type":"Point","coordinates":[103.77873523438494,1.2906448964379502]}},{"type":"Feature","properties":{"id":"wood-174774799-198","mapped":false,"height":9.560843393206596,"radius":3.4670600977726282},"geometry":{"type":"Point","coordinates":[103.77878141781358,1.290786458879156]}},{"type":"Feature","properties":{"id":"wood-174774799-199","mapped":false,"height":8.793206856586039,"radius":3.417591697815806},"geometry":{"type":"Point","coordinates":[103.77875169738235,1.2908956486595757]}},{"type":"Feature","properties":{"id":"wood-174774799-200","mapped":false,"height":9.476564707234502,"radius":2.5119158496148883},"geometry":{"type":"Point","coordinates":[103.77876403849143,1.2910302652496342]}},{"type":"Feature","properties":{"id":"wood-174774799-201","mapped":false,"height":9.35604581516236,"radius":3.301797518227249},"geometry":{"type":"Point","coordinates":[103.77878205027125,1.2911280586431326]}},{"type":"Feature","properties":{"id":"wood-174774799-202","mapped":false,"height":9.056818265467882,"radius":2.8848802697844804},"geometry":{"type":"Point","coordinates":[103.778792809679,1.2912512551140842]}},{"type":"Feature","properties":{"id":"wood-174774799-203","mapped":false,"height":7.0587597684934735,"radius":3.2881579511798917},"geometry":{"type":"Point","coordinates":[103.77874713676734,1.291367948207926]}},{"type":"Feature","properties":{"id":"wood-174774799-204","mapped":false,"height":8.133042132481933,"radius":3.2526182447560132},"geometry":{"type":"Point","coordinates":[103.77875778987467,1.2914414487171044]}},{"type":"Feature","properties":{"id":"wood-174774799-205","mapped":false,"height":7.506254798732698,"radius":3.687808097992092},"geometry":{"type":"Point","coordinates":[103.77873854948763,1.2915661873910356]}},{"type":"Feature","properties":{"id":"wood-174774799-206","mapped":false,"height":9.267692439258099,"radius":2.965071028191596},"geometry":{"type":"Point","coordinates":[103.77878465952506,1.291696264130442]}},{"type":"Feature","properties":{"id":"wood-174774799-207","mapped":false,"height":8.785431616939604,"radius":2.91820630216971},"geometry":{"type":"Point","coordinates":[103.77874259479427,1.291790237416063]}},{"type":"Feature","properties":{"id":"wood-174774799-208","mapped":false,"height":10.146821508184075,"radius":3.5202999909408392},"geometry":{"type":"Point","coordinates":[103.7787946233688,1.2918832477217415]}},{"type":"Feature","properties":{"id":"wood-174774799-209","mapped":false,"height":10.889013688080013,"radius":2.9054778994061055},"geometry":{"type":"Point","coordinates":[103.7787711326383,1.291965068661884]}},{"type":"Feature","properties":{"id":"wood-174774799-210","mapped":false,"height":7.535155978053808,"radius":2.904330371040851},"geometry":{"type":"Point","coordinates":[103.77875118778022,1.292120179623297]}},{"type":"Feature","properties":{"id":"wood-174774799-211","mapped":false,"height":6.701875356025994,"radius":2.5617589675821364},"geometry":{"type":"Point","coordinates":[103.77876929140334,1.292213453631398]}},{"type":"Feature","properties":{"id":"wood-174774799-212","mapped":false,"height":7.7936749290674925,"radius":3.205995023716241},"geometry":{"type":"Point","coordinates":[103.7787538131132,1.292312554200801]}},{"type":"Feature","properties":{"id":"wood-174774799-213","mapped":false,"height":9.549869968555868,"radius":3.337540076766163},"geometry":{"type":"Point","coordinates":[103.7787900577494,1.2924656349202774]}},{"type":"Feature","properties":{"id":"wood-174774799-214","mapped":false,"height":8.959688007831573,"radius":2.7067781713791192},"geometry":{"type":"Point","coordinates":[103.77876844104482,1.2925704355220933]}},{"type":"Feature","properties":{"id":"wood-174774799-215","mapped":false,"height":7.311158002354205,"radius":2.8490100392140447},"geometry":{"type":"Point","coordinates":[103.77873574145661,1.2926683681857185]}},{"type":"Feature","properties":{"id":"wood-174774799-216","mapped":false,"height":9.389413552358747,"radius":3.6456591536290945},"geometry":{"type":"Point","coordinates":[103.77876489691917,1.2927546878259135]}},{"type":"Feature","properties":{"id":"wood-174774799-217","mapped":false,"height":7.492133063729852,"radius":3.452378751244396},"geometry":{"type":"Point","coordinates":[103.7788560043896,1.2907668827905048]}},{"type":"Feature","properties":{"id":"wood-174774799-218","mapped":false,"height":8.206139510963112,"radius":2.6319581772200764},"geometry":{"type":"Point","coordinates":[103.77889271147119,1.2908818816340164]}},{"type":"Feature","properties":{"id":"wood-174774799-219","mapped":false,"height":7.047594293486327,"radius":3.237209246214479},"geometry":{"type":"Point","coordinates":[103.77890694609773,1.2910036308500275]}},{"type":"Feature","properties":{"id":"wood-174774799-220","mapped":false,"height":10.350102462340146,"radius":2.6155519830994307},"geometry":{"type":"Point","coordinates":[103.77885652380907,1.29111357742712]}},{"type":"Feature","properties":{"id":"wood-174774799-221","mapped":false,"height":6.570319758262485,"radius":3.142230814602226},"geometry":{"type":"Point","coordinates":[103.77889993042547,1.2912117452810623]}},{"type":"Feature","properties":{"id":"wood-174774799-222","mapped":false,"height":6.9828378655947745,"radius":3.5508565614931284},"geometry":{"type":"Point","coordinates":[103.77885804751156,1.29133447878508]}},{"type":"Feature","properties":{"id":"wood-174774799-223","mapped":false,"height":9.17292122868821,"radius":3.1932453057728707},"geometry":{"type":"Point","coordinates":[103.77889137588703,1.2914486609095068]}},{"type":"Feature","properties":{"id":"wood-174774799-224","mapped":false,"height":9.967720430810004,"radius":2.7473041328601537},"geometry":{"type":"Point","coordinates":[103.77888697593424,1.2915472497208056]}},{"type":"Feature","properties":{"id":"wood-174774799-225","mapped":false,"height":10.696587135549635,"radius":3.191713748779148},"geometry":{"type":"Point","coordinates":[103.77889684345274,1.291658476989969]}},{"type":"Feature","properties":{"id":"wood-174774799-226","mapped":false,"height":8.921115590725094,"radius":2.766157972346991},"geometry":{"type":"Point","coordinates":[103.77885693981061,1.2917785526602914]}},{"type":"Feature","properties":{"id":"wood-174774799-227","mapped":false,"height":7.025535694789141,"radius":2.7358501023612916},"geometry":{"type":"Point","coordinates":[103.77884359514272,1.2918952189245183]}},{"type":"Feature","properties":{"id":"wood-174774799-228","mapped":false,"height":9.308082625735551,"radius":3.0791061597876253},"geometry":{"type":"Point","coordinates":[103.77890150334582,1.2920069976613686]}},{"type":"Feature","properties":{"id":"wood-174774799-229","mapped":false,"height":10.463968032505363,"radius":3.1167150049470367},"geometry":{"type":"Point","coordinates":[103.7788950276206,1.2921304749814342]}},{"type":"Feature","properties":{"id":"wood-174774799-230","mapped":false,"height":9.600577788893133,"radius":3.2018553297035397},"geometry":{"type":"Point","coordinates":[103.77885203531048,1.2922354666324534]}},{"type":"Feature","properties":{"id":"wood-174774799-231","mapped":false,"height":10.175521309953183,"radius":2.689309524651617},"geometry":{"type":"Point","coordinates":[103.77888698078738,1.2923454080139583]}},{"type":"Feature","properties":{"id":"wood-174774799-232","mapped":false,"height":7.498157430905849,"radius":2.902724421303719},"geometry":{"type":"Point","coordinates":[103.77885745513436,1.292427812551299]}},{"type":"Feature","properties":{"id":"wood-174774799-233","mapped":false,"height":6.685221848543733,"radius":2.5186689092777668},"geometry":{"type":"Point","coordinates":[103.77890592137507,1.292557142179042]}},{"type":"Feature","properties":{"id":"wood-174774799-234","mapped":false,"height":10.211181125137955,"radius":3.0862384284846485},"geometry":{"type":"Point","coordinates":[103.77890585400017,1.2926599336837437]}},{"type":"Feature","properties":{"id":"wood-174774799-235","mapped":false,"height":10.443938254844397,"radius":3.100956336315721},"geometry":{"type":"Point","coordinates":[103.77883900154052,1.2927795246560982]}},{"type":"Feature","properties":{"id":"wood-174774799-236","mapped":false,"height":9.558065160177648,"radius":3.601860295329243},"geometry":{"type":"Point","coordinates":[103.77895868156727,1.290776060134746]}},{"type":"Feature","properties":{"id":"wood-174774799-237","mapped":false,"height":8.9682956635952,"radius":3.3447485593147577},"geometry":{"type":"Point","coordinates":[103.77896579626128,1.29087208620329]}},{"type":"Feature","properties":{"id":"wood-174774799-238","mapped":false,"height":7.552302450872958,"radius":3.080171001795679},"geometry":{"type":"Point","coordinates":[103.77898257353979,1.291031599481959]}},{"type":"Feature","properties":{"id":"wood-174774799-239","mapped":false,"height":7.925419317558408,"radius":3.6447757055051624},"geometry":{"type":"Point","coordinates":[103.77900830265557,1.2911280470241848]}},{"type":"Feature","properties":{"id":"wood-174774799-240","mapped":false,"height":10.081005114130676,"radius":2.7923051745630803},"geometry":{"type":"Point","coordinates":[103.77897589510717,1.291253547109902]}},{"type":"Feature","properties":{"id":"wood-174774799-241","mapped":false,"height":6.965700093656778,"radius":3.250896139163524},"geometry":{"type":"Point","coordinates":[103.77901611498561,1.2913366962523816]}},{"type":"Feature","properties":{"id":"wood-174774799-242","mapped":false,"height":6.250971321947873,"radius":3.5128012352623044},"geometry":{"type":"Point","coordinates":[103.77897676049291,1.2914697414394434]}},{"type":"Feature","properties":{"id":"wood-174774799-243","mapped":false,"height":9.316572150215507,"radius":3.3252825592644513},"geometry":{"type":"Point","coordinates":[103.77895226538257,1.291546211359041]}},{"type":"Feature","properties":{"id":"wood-174774799-244","mapped":false,"height":9.711540750227869,"radius":3.351427097711712},"geometry":{"type":"Point","coordinates":[103.77895668907185,1.2916976003592242]}},{"type":"Feature","properties":{"id":"wood-174774799-245","mapped":false,"height":9.608362711966038,"radius":2.769634031970054},"geometry":{"type":"Point","coordinates":[103.77897056417592,1.2917451988924726]}},{"type":"Feature","properties":{"id":"wood-174774799-246","mapped":false,"height":9.015922703780234,"radius":3.680523917917162},"geometry":{"type":"Point","coordinates":[103.77899957021395,1.2918906641944092]}},{"type":"Feature","properties":{"id":"wood-174774799-247","mapped":false,"height":8.766870195046067,"radius":2.6900197406299413},"geometry":{"type":"Point","coordinates":[103.77901050223706,1.2919864249468842]}},{"type":"Feature","properties":{"id":"wood-174774799-248","mapped":false,"height":9.545024241320789,"radius":3.137349844072014},"geometry":{"type":"Point","coordinates":[103.77897750312806,1.292134513675437]}},{"type":"Feature","properties":{"id":"wood-174774799-249","mapped":false,"height":10.46844233199954,"radius":2.5367227357812228},"geometry":{"type":"Point","coordinates":[103.77900902832317,1.2921999206311319]}},{"type":"Feature","properties":{"id":"wood-174774799-250","mapped":false,"height":6.993778300471604,"radius":2.501423766557127},"geometry":{"type":"Point","coordinates":[103.7789835117056,1.2923220629067689]}},{"type":"Feature","properties":{"id":"wood-174774799-251","mapped":false,"height":7.419971822760999,"radius":3.6468690679408606},"geometry":{"type":"Point","coordinates":[103.77898113436443,1.29267822733564]}},{"type":"Feature","properties":{"id":"wood-174774799-252","mapped":false,"height":9.626886829733849,"radius":3.695344623643905},"geometry":{"type":"Point","coordinates":[103.77895571809023,1.2927344282103022]}},{"type":"Feature","properties":{"id":"wood-174774799-253","mapped":false,"height":9.797739362344146,"radius":3.290186980832368},"geometry":{"type":"Point","coordinates":[103.77910343294384,1.2909211223977675]}},{"type":"Feature","properties":{"id":"wood-174774799-254","mapped":false,"height":6.73914451058954,"radius":2.6672389403916896},"geometry":{"type":"Point","coordinates":[103.77912107384151,1.2910062992182896]}},{"type":"Feature","properties":{"id":"wood-174774799-255","mapped":false,"height":10.081607274711132,"radius":3.347026818711311},"geometry":{"type":"Point","coordinates":[103.77906349799447,1.2911195190298241]}},{"type":"Feature","properties":{"id":"wood-174774799-256","mapped":false,"height":10.912198358215392,"radius":3.256611601356417},"geometry":{"type":"Point","coordinates":[103.77910539065923,1.2912073261529544]}},{"type":"Feature","properties":{"id":"wood-174774799-257","mapped":false,"height":9.40823689242825,"radius":2.9064901589415966},"geometry":{"type":"Point","coordinates":[103.77906774211381,1.2916422690159002]}},{"type":"Feature","properties":{"id":"wood-174774799-258","mapped":false,"height":9.512335533741862,"radius":2.8563139687292276},"geometry":{"type":"Point","coordinates":[103.77908884714022,1.2917463494060761]}},{"type":"Feature","properties":{"id":"wood-174774799-259","mapped":false,"height":6.3349288436584175,"radius":3.3673192939721046},"geometry":{"type":"Point","coordinates":[103.77911667136769,1.2918785711122784]}},{"type":"Feature","properties":{"id":"wood-174774799-260","mapped":false,"height":8.748760667163879,"radius":2.987164196651429},"geometry":{"type":"Point","coordinates":[103.77908977969518,1.2919773884167909]}},{"type":"Feature","properties":{"id":"wood-174774799-261","mapped":false,"height":7.897330617066473,"radius":2.60217098435387},"geometry":{"type":"Point","coordinates":[103.77910941657946,1.2920922031345512]}},{"type":"Feature","properties":{"id":"wood-174774799-262","mapped":false,"height":8.846810577902943,"radius":3.3538057024590673},"geometry":{"type":"Point","coordinates":[103.77906119243647,1.2922406003309244]}},{"type":"Feature","properties":{"id":"wood-174774799-263","mapped":false,"height":9.351498886477202,"radius":3.6674447990022596},"geometry":{"type":"Point","coordinates":[103.7792107056649,1.2909771271100743]}},{"type":"Feature","properties":{"id":"wood-174774799-264","mapped":false,"height":9.778435804415494,"radius":2.9890442955307663},"geometry":{"type":"Point","coordinates":[103.7792234782138,1.2911240802083919]}},{"type":"Feature","properties":{"id":"wood-174774799-265","mapped":false,"height":8.243042450863868,"radius":2.839807370584458},"geometry":{"type":"Point","coordinates":[103.77921743204034,1.2918572004009425]}},{"type":"Feature","properties":{"id":"wood-174774799-266","mapped":false,"height":7.033914198633283,"radius":3.030836783256382},"geometry":{"type":"Point","coordinates":[103.77920069688054,1.2920253321100321]}},{"type":"Feature","properties":{"id":"wood-174774799-267","mapped":false,"height":8.04189850250259,"radius":3.04845231724903},"geometry":{"type":"Point","coordinates":[103.77917929599833,1.2921318860423021]}},{"type":"Feature","properties":{"id":"wood-174774799-268","mapped":false,"height":6.558363748714328,"radius":2.8838004593737425},"geometry":{"type":"Point","coordinates":[103.77930019592222,1.2918776771714413]}},{"type":"Feature","properties":{"id":"wood-174774799-269","mapped":false,"height":6.792396827600896,"radius":2.6223525390960276},"geometry":{"type":"Point","coordinates":[103.77931047037123,1.292014930125453]}},{"type":"Feature","properties":{"id":"wood-174774799-270","mapped":false,"height":10.76277843117714,"radius":3.6876387980766596},"geometry":{"type":"Point","coordinates":[103.77934549952255,1.2921030287094848]}},{"type":"Feature","properties":{"id":"wood-174774799-271","mapped":false,"height":9.334939209744334,"radius":2.708425492513925},"geometry":{"type":"Point","coordinates":[103.77944533010107,1.291996722598138]}},{"type":"Feature","properties":{"id":"wood-174774799-272","mapped":false,"height":9.79140370991081,"radius":3.085738997254521},"geometry":{"type":"Point","coordinates":[103.77939616215154,1.2920955322323522]}},{"type":"Feature","properties":{"id":"wood-174774799-273","mapped":false,"height":8.178189668338746,"radius":3.0611275396309794},"geometry":{"type":"Point","coordinates":[103.77951710112376,1.292098252484325]}},{"type":"Feature","properties":{"id":"wood-238933498-0","mapped":false,"height":6.4578754445537925,"radius":2.8131245837546883},"geometry":{"type":"Point","coordinates":[103.78189659686065,1.2915990771090164]}},{"type":"Feature","properties":{"id":"wood-238933498-1","mapped":false,"height":6.10418564081192,"radius":2.6881869581528006},"geometry":{"type":"Point","coordinates":[103.78187466159069,1.2916938574547898]}},{"type":"Feature","properties":{"id":"wood-238933498-2","mapped":false,"height":7.697213710285723,"radius":2.6995487698353826},"geometry":{"type":"Point","coordinates":[103.7818395883834,1.2918534916641304]}},{"type":"Feature","properties":{"id":"wood-238933498-3","mapped":false,"height":10.664729032665491,"radius":3.5256249737925827},"geometry":{"type":"Point","coordinates":[103.78196925424461,1.2915311281980033]}},{"type":"Feature","properties":{"id":"wood-238933498-4","mapped":false,"height":7.711676572449505,"radius":3.610503130499273},"geometry":{"type":"Point","coordinates":[103.78200284571388,1.2915814918865376]}},{"type":"Feature","properties":{"id":"wood-238933498-5","mapped":false,"height":6.179449012503028,"radius":3.3514903520233927},"geometry":{"type":"Point","coordinates":[103.78199198359248,1.2917188600958158]}},{"type":"Feature","properties":{"id":"wood-238933498-6","mapped":false,"height":10.678485891781747,"radius":3.198245890531689},"geometry":{"type":"Point","coordinates":[103.78194268652616,1.2918695721445905]}},{"type":"Feature","properties":{"id":"wood-238933498-7","mapped":false,"height":7.807243146467954,"radius":3.1188914644531907},"geometry":{"type":"Point","coordinates":[103.78211601463768,1.291624386082382]}},{"type":"Feature","properties":{"id":"wood-238933498-8","mapped":false,"height":10.12409053882584,"radius":3.216274946834892},"geometry":{"type":"Point","coordinates":[103.78206065878003,1.2917354191172934]}},{"type":"Feature","properties":{"id":"wood-238933498-9","mapped":false,"height":9.346717169042677,"radius":2.6382737501524387},"geometry":{"type":"Point","coordinates":[103.78220143426459,1.29162884714578]}},{"type":"Feature","properties":{"id":"wood-238933498-10","mapped":false,"height":7.826506091747433,"radius":2.7958493824116886},"geometry":{"type":"Point","coordinates":[103.78218227315328,1.2917600405605483]}},{"type":"Feature","properties":{"id":"wood-238933498-11","mapped":false,"height":6.776701800059527,"radius":2.678580147679895},"geometry":{"type":"Point","coordinates":[103.78216939818905,1.2918102153162911]}},{"type":"Feature","properties":{"id":"wood-238933498-12","mapped":false,"height":6.232844159472734,"radius":2.765172691922635},"geometry":{"type":"Point","coordinates":[103.78219430990931,1.2919213796198528]}},{"type":"Feature","properties":{"id":"wood-238933498-13","mapped":false,"height":6.079675978049636,"radius":3.421048704255372},"geometry":{"type":"Point","coordinates":[103.78229414823933,1.291727631684469]}},{"type":"Feature","properties":{"id":"wood-238933498-14","mapped":false,"height":6.4873320227488875,"radius":3.103721429500729},"geometry":{"type":"Point","coordinates":[103.78232030104742,1.291820531211786]}},{"type":"Feature","properties":{"id":"wood-238933498-15","mapped":false,"height":8.117937467992306,"radius":2.7506199416704478},"geometry":{"type":"Point","coordinates":[103.78232135040734,1.2919763450222297]}},{"type":"Feature","properties":{"id":"wood-238933498-16","mapped":false,"height":6.30355813447386,"radius":2.808189991954714},"geometry":{"type":"Point","coordinates":[103.78228319861657,1.2920368139695864]}},{"type":"Feature","properties":{"id":"wood-238933498-17","mapped":false,"height":10.378735581412911,"radius":2.7457578857429326},"geometry":{"type":"Point","coordinates":[103.78232916233266,1.2921413351194955]}},{"type":"Feature","properties":{"id":"wood-238933498-18","mapped":false,"height":8.404196227435023,"radius":2.717394674848765},"geometry":{"type":"Point","coordinates":[103.78243404507931,1.291715204104555]}},{"type":"Feature","properties":{"id":"wood-238933498-19","mapped":false,"height":7.101758542936295,"radius":2.6965650162659585},"geometry":{"type":"Point","coordinates":[103.78239977532886,1.2918288149375348]}},{"type":"Feature","properties":{"id":"wood-238933498-20","mapped":false,"height":8.771960434038192,"radius":3.3692337485961614},"geometry":{"type":"Point","coordinates":[103.78240634059699,1.2919417692478534]}},{"type":"Feature","properties":{"id":"wood-238933498-21","mapped":false,"height":6.51325756823644,"radius":2.796186070051044},"geometry":{"type":"Point","coordinates":[103.78244843870965,1.292052737649276]}},{"type":"Feature","properties":{"id":"wood-238933498-22","mapped":false,"height":7.141699759755284,"radius":3.4535071666352453},"geometry":{"type":"Point","coordinates":[103.78239085610815,1.2921929685372462]}},{"type":"Feature","properties":{"id":"wood-238933498-23","mapped":false,"height":6.42194903595373,"radius":2.7158585793338714},"geometry":{"type":"Point","coordinates":[103.78244908979747,1.292284685916032]}},{"type":"Feature","properties":{"id":"wood-238933498-24","mapped":false,"height":6.273147353436798,"radius":2.9269166200421752},"geometry":{"type":"Point","coordinates":[103.78252763990442,1.2917514384357698]}},{"type":"Feature","properties":{"id":"wood-238933498-25","mapped":false,"height":10.303065987769514,"radius":3.0024716596119108},"geometry":{"type":"Point","coordinates":[103.78249319834073,1.2918276496049734]}},{"type":"Feature","properties":{"id":"wood-238933498-26","mapped":false,"height":10.887227963190526,"radius":3.533384697791189},"geometry":{"type":"Point","coordinates":[103.78254291232987,1.2919654422414184]}},{"type":"Feature","properties":{"id":"wood-238933498-27","mapped":false,"height":10.70468205632642,"radius":2.9992351832799615},"geometry":{"type":"Point","coordinates":[103.78252103005941,1.2920791846288529]}},{"type":"Feature","properties":{"id":"wood-238933498-28","mapped":false,"height":7.461580467876047,"radius":3.318071497883648},"geometry":{"type":"Point","coordinates":[103.78251982595434,1.292166199419617]}},{"type":"Feature","properties":{"id":"wood-238933498-29","mapped":false,"height":6.832157826516777,"radius":3.3847654487006364},"geometry":{"type":"Point","coordinates":[103.78253245895357,1.2922892337274154]}},{"type":"Feature","properties":{"id":"wood-238933498-30","mapped":false,"height":7.561199272982776,"radius":2.8360483647324144},"geometry":{"type":"Point","coordinates":[103.78263949924006,1.2918620999986978]}},{"type":"Feature","properties":{"id":"wood-238933498-31","mapped":false,"height":6.0123692862689495,"radius":2.5399760049767792},"geometry":{"type":"Point","coordinates":[103.78262170928778,1.2919717811319438]}},{"type":"Feature","properties":{"id":"wood-238933498-32","mapped":false,"height":8.949429345317185,"radius":2.51472494835034},"geometry":{"type":"Point","coordinates":[103.7826074396566,1.29204394282439]}},{"type":"Feature","properties":{"id":"wood-238933498-33","mapped":false,"height":8.279018787667155,"radius":3.6826915686018764},"geometry":{"type":"Point","coordinates":[103.78261822950773,1.2921608903142832]}},{"type":"Feature","properties":{"id":"wood-238933498-34","mapped":false,"height":6.878331302665174,"radius":2.6420580671168863},"geometry":{"type":"Point","coordinates":[103.78264381300207,1.2922767958671528]}},{"type":"Feature","properties":{"id":"wood-238933498-35","mapped":false,"height":8.778484942391515,"radius":3.4189777840860187},"geometry":{"type":"Point","coordinates":[103.78274281399463,1.291973938064838]}},{"type":"Feature","properties":{"id":"wood-238933498-36","mapped":false,"height":9.477787408046424,"radius":2.563772401306778},"geometry":{"type":"Point","coordinates":[103.78271956134535,1.2920778964191975]}},{"type":"Feature","properties":{"id":"wood-238933498-37","mapped":false,"height":9.32096727564931,"radius":3.5163616073317825},"geometry":{"type":"Point","coordinates":[103.78272307472612,1.2921480127033054]}},{"type":"Feature","properties":{"id":"wood-238933498-38","mapped":false,"height":10.524488893803209,"radius":2.7535114361904562},"geometry":{"type":"Point","coordinates":[103.78285493176736,1.2919295776283435]}},{"type":"Feature","properties":{"id":"wood-238933498-39","mapped":false,"height":8.115344277117401,"radius":3.6071700896136463},"geometry":{"type":"Point","coordinates":[103.78281948537844,1.2920290654860038]}},{"type":"Feature","properties":{"id":"wood-238933498-40","mapped":false,"height":10.235453873407096,"radius":2.509353474434465},"geometry":{"type":"Point","coordinates":[103.78285274058385,1.2921498437018202]}},{"type":"Feature","properties":{"id":"row-741207907-0-0","mapped":false,"height":6.293666730634868,"radius":3.274337974144146},"geometry":{"type":"Point","coordinates":[103.7726948,1.3051445]}},{"type":"Feature","properties":{"id":"row-741207907-1-0","mapped":false,"height":6.457440771628171,"radius":2.9361994334030896},"geometry":{"type":"Point","coordinates":[103.7726589,1.305088]}},{"type":"Feature","properties":{"id":"wood-878088119-0","mapped":false,"height":10.549842327833176,"radius":3.095458331424743},"geometry":{"type":"Point","coordinates":[103.76990053692826,1.2959131574306024]}},{"type":"Feature","properties":{"id":"wood-878088119-1","mapped":false,"height":9.296146737411618,"radius":3.658823185134679},"geometry":{"type":"Point","coordinates":[103.76998243529798,1.2956069756504838]}},{"type":"Feature","properties":{"id":"wood-878088119-2","mapped":false,"height":9.227868932299316,"radius":3.6315700919367373},"geometry":{"type":"Point","coordinates":[103.7700142218757,1.2957002708602547]}},{"type":"Feature","properties":{"id":"wood-878088119-3","mapped":false,"height":10.129392448812723,"radius":3.255087966937572},"geometry":{"type":"Point","coordinates":[103.7700226828163,1.2958174190452454]}},{"type":"Feature","properties":{"id":"wood-878088119-4","mapped":false,"height":7.902164821512997,"radius":2.999168508592993},"geometry":{"type":"Point","coordinates":[103.77002798448586,1.2959289533260876]}},{"type":"Feature","properties":{"id":"wood-878088119-5","mapped":false,"height":10.398107370361686,"radius":2.7042378758080305},"geometry":{"type":"Point","coordinates":[103.77003169442695,1.2959986416485478]}},{"type":"Feature","properties":{"id":"wood-878088119-6","mapped":false,"height":7.572376561816782,"radius":2.8064555062912406},"geometry":{"type":"Point","coordinates":[103.77009947859231,1.2956064767068616]}},{"type":"Feature","properties":{"id":"wood-878088119-7","mapped":false,"height":7.0057152272202075,"radius":3.536542859207839},"geometry":{"type":"Point","coordinates":[103.77014110197469,1.2956770207612114]}},{"type":"Feature","properties":{"id":"wood-878088119-8","mapped":false,"height":10.486645355354995,"radius":3.589710912760347},"geometry":{"type":"Point","coordinates":[103.77008575026223,1.295827851183544]}},{"type":"Feature","properties":{"id":"wood-878088119-9","mapped":false,"height":7.933366723824292,"radius":3.322315238695592},"geometry":{"type":"Point","coordinates":[103.77012975339909,1.2958992272183012]}},{"type":"Feature","properties":{"id":"wood-878088119-10","mapped":false,"height":6.258726072497666,"radius":3.0270793699659406},"geometry":{"type":"Point","coordinates":[103.77023726453768,1.29571719657686]}},{"type":"Feature","properties":{"id":"wood-878088119-11","mapped":false,"height":6.206115273758769,"radius":2.5495343630202116},"geometry":{"type":"Point","coordinates":[103.77020074182397,1.2958271373643298]}},{"type":"Feature","properties":{"id":"wood-878088119-12","mapped":false,"height":6.717935799621046,"radius":3.2841289804317055},"geometry":{"type":"Point","coordinates":[103.77022391845414,1.2958974665736631]}},{"type":"Feature","properties":{"id":"wood-878088119-13","mapped":false,"height":7.6590865701437,"radius":3.0408419934101403},"geometry":{"type":"Point","coordinates":[103.7702417420214,1.2960307756216956]}},{"type":"Feature","properties":{"id":"wood-878088119-14","mapped":false,"height":7.40218329615891,"radius":2.579530905652791},"geometry":{"type":"Point","coordinates":[103.77032379516768,1.2956840693159346]}},{"type":"Feature","properties":{"id":"wood-878088119-15","mapped":false,"height":7.072709592990577,"radius":3.247747001145035},"geometry":{"type":"Point","coordinates":[103.77035696744134,1.2958028895591795]}},{"type":"Feature","properties":{"id":"wood-878088119-16","mapped":false,"height":8.160825449973345,"radius":3.4989896190352736},"geometry":{"type":"Point","coordinates":[103.77031008781292,1.2958893908644973]}},{"type":"Feature","properties":{"id":"wood-878088119-17","mapped":false,"height":7.70475818682462,"radius":3.4123033874668183},"geometry":{"type":"Point","coordinates":[103.77035783619831,1.2960305949999804]}},{"type":"Feature","properties":{"id":"wood-878088119-18","mapped":false,"height":6.695296353660524,"radius":3.5424199954606594},"geometry":{"type":"Point","coordinates":[103.77040631352814,1.2956880080913231]}},{"type":"Feature","properties":{"id":"wood-878088119-19","mapped":false,"height":6.148703865706921,"radius":3.095777362305671},"geometry":{"type":"Point","coordinates":[103.7704297631671,1.2958182994551344]}},{"type":"Feature","properties":{"id":"wood-878088119-20","mapped":false,"height":6.76989667955786,"radius":3.328211418632418},"geometry":{"type":"Point","coordinates":[103.7704397409492,1.2959260470880607]}},{"type":"Feature","properties":{"id":"wood-878088119-21","mapped":false,"height":10.403792330995202,"radius":3.366421516705304},"geometry":{"type":"Point","coordinates":[103.77045710137378,1.296056764999101]}},{"type":"Feature","properties":{"id":"wood-878088119-22","mapped":false,"height":6.07378688082099,"radius":2.8091532212682067},"geometry":{"type":"Point","coordinates":[103.77056326976242,1.2956838513386753]}},{"type":"Feature","properties":{"id":"wood-878088119-23","mapped":false,"height":8.776516047306359,"radius":2.872955795470625},"geometry":{"type":"Point","coordinates":[103.77058191992676,1.2957886395622455]}},{"type":"Feature","properties":{"id":"wood-878088119-24","mapped":false,"height":6.502088470384479,"radius":3.697961581218988},"geometry":{"type":"Point","coordinates":[103.77056907634311,1.2959225723707994]}},{"type":"Feature","properties":{"id":"wood-878088119-25","mapped":false,"height":8.384106530807912,"radius":2.7648478970862924},"geometry":{"type":"Point","coordinates":[103.77056648183937,1.295996247200765]}},{"type":"Feature","properties":{"id":"wood-878088119-26","mapped":false,"height":6.087058306671679,"radius":2.957980609778315},"geometry":{"type":"Point","coordinates":[103.77064366924303,1.295709300004322]}},{"type":"Feature","properties":{"id":"wood-878088119-27","mapped":false,"height":9.218947546556592,"radius":3.662865274120122},"geometry":{"type":"Point","coordinates":[103.77062827008103,1.2957791780799572]}},{"type":"Feature","properties":{"id":"wood-878088119-28","mapped":false,"height":6.815838980488479,"radius":2.6342409879900517},"geometry":{"type":"Point","coordinates":[103.77066011503793,1.2958860666916372]}},{"type":"Feature","properties":{"id":"wood-878088119-29","mapped":false,"height":9.896272275596857,"radius":3.4095706534571946},"geometry":{"type":"Point","coordinates":[103.77065778924967,1.2960133609366176]}},{"type":"Feature","properties":{"id":"wood-878088119-30","mapped":false,"height":6.400879536755383,"radius":2.545901828352362},"geometry":{"type":"Point","coordinates":[103.77065845493195,1.2961381649804526]}},{"type":"Feature","properties":{"id":"row-1060401666-0-0","mapped":false,"height":7.786785401869565,"radius":2.726416952209547},"geometry":{"type":"Point","coordinates":[103.7735759,1.2922384]}},{"type":"Feature","properties":{"id":"row-1060401666-0-1","mapped":false,"height":8.740333708003163,"radius":3.057839294662699},"geometry":{"type":"Point","coordinates":[103.7736693,1.2921995000000002]}},{"type":"Feature","properties":{"id":"row-1060401667-0-0","mapped":false,"height":8.064049206208438,"radius":3.2377226727548987},"geometry":{"type":"Point","coordinates":[103.7737783,1.2921311]}},{"type":"Feature","properties":{"id":"row-1060401667-0-1","mapped":false,"height":6.20380596164614,"radius":2.775504319695756},"geometry":{"type":"Point","coordinates":[103.77374982,1.29206402]}},{"type":"Feature","properties":{"id":"row-1060401667-0-2","mapped":false,"height":6.191428652498871,"radius":3.328668200643733},"geometry":{"type":"Point","coordinates":[103.77372134000001,1.29199694]}},{"type":"Feature","properties":{"id":"row-1060401667-0-3","mapped":false,"height":6.518233448266983,"radius":3.246226839488372},"geometry":{"type":"Point","coordinates":[103.77369286,1.29192986]}},{"type":"Feature","properties":{"id":"row-1060401667-0-4","mapped":false,"height":7.398202066775411,"radius":2.501134420046583},"geometry":{"type":"Point","coordinates":[103.77366438,1.29186278]}},{"type":"Feature","properties":{"id":"wood-1089795920-0","mapped":false,"height":10.620071693789214,"radius":2.7439466453157366},"geometry":{"type":"Point","coordinates":[103.7794111432078,1.2909180657563915]}},{"type":"Feature","properties":{"id":"wood-1089795920-1","mapped":false,"height":9.79739057039842,"radius":3.1526877506636084},"geometry":{"type":"Point","coordinates":[103.7795473584835,1.2907098397871102]}},{"type":"Feature","properties":{"id":"wood-1089795920-2","mapped":false,"height":9.413690691813827,"radius":3.622991505730897},"geometry":{"type":"Point","coordinates":[103.77963095639511,1.2905736628685467]}},{"type":"Feature","properties":{"id":"wood-1089795920-3","mapped":false,"height":9.972706841304898,"radius":2.7484870960004626},"geometry":{"type":"Point","coordinates":[103.77983907942702,1.290273322704131]}},{"type":"Feature","properties":{"id":"wood-1089795920-4","mapped":false,"height":7.642692100722343,"radius":3.2798307332210244},"geometry":{"type":"Point","coordinates":[103.78007381075581,1.2899983615034158]}},{"type":"Feature","properties":{"id":"wood-1089795920-5","mapped":false,"height":8.35723324585706,"radius":3.6637360208667813},"geometry":{"type":"Point","coordinates":[103.78015364455581,1.2898942850311512]}},{"type":"Feature","properties":{"id":"wood-1130885270-0","mapped":false,"height":10.262866748031229,"radius":3.568985570874065},"geometry":{"type":"Point","coordinates":[103.77381248886292,1.2963266794509878]}},{"type":"Feature","properties":{"id":"wood-1130885270-1","mapped":false,"height":7.456415250431746,"radius":2.6860155439935625},"geometry":{"type":"Point","coordinates":[103.77388354700517,1.2962808933022123]}},{"type":"Feature","properties":{"id":"wood-1130885270-2","mapped":false,"height":9.483610518742353,"radius":3.2149718749336897},"geometry":{"type":"Point","coordinates":[103.7738788544347,1.2964400405714818]}},{"type":"Feature","properties":{"id":"wood-1130885270-3","mapped":false,"height":10.407781790941954,"radius":3.4998178047128023},"geometry":{"type":"Point","coordinates":[103.77397992928998,1.2963035194936599]}},{"type":"Feature","properties":{"id":"wood-1136596823-0","mapped":false,"height":7.3571834890171885,"radius":2.9865750879980624},"geometry":{"type":"Point","coordinates":[103.78169599163013,1.292821259580046]}},{"type":"Feature","properties":{"id":"wood-1136596823-1","mapped":false,"height":9.089105803519487,"radius":2.5043063533492385},"geometry":{"type":"Point","coordinates":[103.78167996183997,1.2929147853452023]}},{"type":"Feature","properties":{"id":"row-1136596824-0-0","mapped":false,"height":8.729921475984156,"radius":2.917672148672864},"geometry":{"type":"Point","coordinates":[103.782822,1.2924196]}},{"type":"Feature","properties":{"id":"row-1136596824-0-1","mapped":false,"height":8.908013014588505,"radius":2.5237706166226417},"geometry":{"type":"Point","coordinates":[103.78274619999999,1.29244415]}},{"type":"Feature","properties":{"id":"row-1136596824-1-0","mapped":false,"height":6.065105326473713,"radius":2.8839175251778215},"geometry":{"type":"Point","coordinates":[103.7826704,1.2924687]}},{"type":"Feature","properties":{"id":"row-1136596824-1-1","mapped":false,"height":7.663993758615106,"radius":2.8064209094736725},"geometry":{"type":"Point","coordinates":[103.782597225,1.292492375]}},{"type":"Feature","properties":{"id":"row-1136596824-1-2","mapped":false,"height":7.501228912733495,"radius":3.0880572132300586},"geometry":{"type":"Point","coordinates":[103.78252405,1.29251605]}},{"type":"Feature","properties":{"id":"row-1136596824-1-3","mapped":false,"height":6.506759208161384,"radius":2.8597229153383523},"geometry":{"type":"Point","coordinates":[103.782450875,1.292539725]}},{"type":"Feature","properties":{"id":"row-1136597209-0-0","mapped":false,"height":6.065164631232619,"radius":2.788668798049912},"geometry":{"type":"Point","coordinates":[103.7794211,1.292515]}},{"type":"Feature","properties":{"id":"row-1136597209-0-1","mapped":false,"height":8.001426007132977,"radius":3.2775756458286196},"geometry":{"type":"Point","coordinates":[103.77935889999999,1.2925600000000002]}},{"type":"Feature","properties":{"id":"row-1136597209-0-2","mapped":false,"height":7.013822567649186,"radius":2.739206726429984},"geometry":{"type":"Point","coordinates":[103.77929669999999,1.292605]}},{"type":"Feature","properties":{"id":"row-1136597209-0-3","mapped":false,"height":8.437136525753886,"radius":2.6279114682693034},"geometry":{"type":"Point","coordinates":[103.7792345,1.29265]}},{"type":"Feature","properties":{"id":"row-1136597209-0-4","mapped":false,"height":6.218366805464029,"radius":2.738356310641393},"geometry":{"type":"Point","coordinates":[103.7791723,1.292695]}},{"type":"Feature","properties":{"id":"row-1136943225-0-0","mapped":false,"height":6.822115012910217,"radius":3.4000227658543736},"geometry":{"type":"Point","coordinates":[103.7733086,1.2931778]}},{"type":"Feature","properties":{"id":"row-1137972619-0-0","mapped":false,"height":7.89120517205447,"radius":3.165739294840023},"geometry":{"type":"Point","coordinates":[103.7732088,1.2923517]}},{"type":"Feature","properties":{"id":"row-1137972619-0-1","mapped":false,"height":8.80743468599394,"radius":3.4763026603031904},"geometry":{"type":"Point","coordinates":[103.773281075,1.292338525]}},{"type":"Feature","properties":{"id":"row-1137972619-0-2","mapped":false,"height":7.26512742228806,"radius":3.143595983972773},"geometry":{"type":"Point","coordinates":[103.77335335000001,1.29232535]}},{"type":"Feature","properties":{"id":"row-1137972619-0-3","mapped":false,"height":8.52387075824663,"radius":3.3940247970167547},"geometry":{"type":"Point","coordinates":[103.773425625,1.2923121750000002]}},{"type":"Feature","properties":{"id":"row-1137972620-0-0","mapped":false,"height":8.58396685961634,"radius":3.215068935183808},"geometry":{"type":"Point","coordinates":[103.7724597,1.2924443]}},{"type":"Feature","properties":{"id":"row-1137972620-0-1","mapped":false,"height":7.066214403603226,"radius":2.9127871927339584},"geometry":{"type":"Point","coordinates":[103.77253754,1.2924440000000001]}},{"type":"Feature","properties":{"id":"row-1137972620-0-2","mapped":false,"height":8.514160394668579,"radius":2.6797132117208093},"geometry":{"type":"Point","coordinates":[103.77261538,1.2924437]}},{"type":"Feature","properties":{"id":"row-1137972620-0-3","mapped":false,"height":7.109422659035772,"radius":2.6532451456878334},"geometry":{"type":"Point","coordinates":[103.77269322,1.2924434]}},{"type":"Feature","properties":{"id":"row-1137972620-0-4","mapped":false,"height":7.836582041345537,"radius":2.9768581993412226},"geometry":{"type":"Point","coordinates":[103.77277106,1.2924430999999998]}},{"type":"Feature","properties":{"id":"row-1137972620-1-0","mapped":false,"height":7.890979264397174,"radius":2.822758208261803},"geometry":{"type":"Point","coordinates":[103.7728489,1.2924428]}},{"type":"Feature","properties":{"id":"row-1137972621-0-0","mapped":false,"height":7.028024850413203,"radius":2.75744598521851},"geometry":{"type":"Point","coordinates":[103.7729845,1.2928999]}},{"type":"Feature","properties":{"id":"row-1137972621-0-1","mapped":false,"height":7.543841439764947,"radius":3.29357622214593},"geometry":{"type":"Point","coordinates":[103.77306805,1.29285075]}},{"type":"Feature","properties":{"id":"row-1137972621-1-0","mapped":false,"height":8.091706280596554,"radius":2.534971299348399},"geometry":{"type":"Point","coordinates":[103.7731516,1.2928016]}},{"type":"Feature","properties":{"id":"row-1137972621-1-1","mapped":false,"height":8.514347600284964,"radius":2.549189415993169},"geometry":{"type":"Point","coordinates":[103.77321436666666,1.2927496333333333]}},{"type":"Feature","properties":{"id":"row-1137972621-1-2","mapped":false,"height":6.7461720071733,"radius":3.056148018455133},"geometry":{"type":"Point","coordinates":[103.77327713333334,1.2926976666666667]}},{"type":"Feature","properties":{"id":"wood-1158223566-0","mapped":false,"height":10.669206733815372,"radius":3.1045465351082386},"geometry":{"type":"Point","coordinates":[103.78028266114849,1.2943554986625883]}},{"type":"Feature","properties":{"id":"wood-1158223566-1","mapped":false,"height":6.7716418406926095,"radius":3.2956524952314794},"geometry":{"type":"Point","coordinates":[103.78036722057361,1.2942725814312064]}},{"type":"Feature","properties":{"id":"wood-1158223566-2","mapped":false,"height":7.436940301209688,"radius":3.51645062090829},"geometry":{"type":"Point","coordinates":[103.78050063896208,1.2941056557853399]}},{"type":"Feature","properties":{"id":"wood-1158223566-3","mapped":false,"height":7.579019953496754,"radius":3.5484241717495024},"geometry":{"type":"Point","coordinates":[103.7804734278548,1.29421730106672]}},{"type":"Feature","properties":{"id":"wood-1158223566-4","mapped":false,"height":6.110491835512221,"radius":3.124683002475649},"geometry":{"type":"Point","coordinates":[103.78058359079584,1.2940367209549406]}},{"type":"Feature","properties":{"id":"wood-1158223566-5","mapped":false,"height":7.266248086467385,"radius":3.166352077294141},"geometry":{"type":"Point","coordinates":[103.78061871534528,1.2941573886025761]}},{"type":"Feature","properties":{"id":"wood-1158223566-6","mapped":false,"height":10.048437429592013,"radius":2.8582795624621213},"geometry":{"type":"Point","coordinates":[103.78073310225233,1.2939338187426765]}},{"type":"Feature","properties":{"id":"wood-1158223566-7","mapped":false,"height":8.5690229376778,"radius":3.480562721285969},"geometry":{"type":"Point","coordinates":[103.78070619934843,1.2940277270464198]}},{"type":"Feature","properties":{"id":"wood-1158223566-8","mapped":false,"height":10.153959900140762,"radius":2.807949199993163},"geometry":{"type":"Point","coordinates":[103.78074557092224,1.294126613060261]}},{"type":"Feature","properties":{"id":"wood-1158223566-9","mapped":false,"height":10.849366191774607,"radius":3.0857688379473984},"geometry":{"type":"Point","coordinates":[103.78080248033719,1.2938905153685685]}},{"type":"Feature","properties":{"id":"wood-1158223566-10","mapped":false,"height":9.116056062281132,"radius":3.555378007609397},"geometry":{"type":"Point","coordinates":[103.78091919160484,1.2937232882952194]}},{"type":"Feature","properties":{"id":"wood-1158223566-11","mapped":false,"height":8.7455789828673,"radius":2.7488312938250603},"geometry":{"type":"Point","coordinates":[103.78093724819334,1.293786259385959]}},{"type":"Feature","properties":{"id":"wood-1158223566-12","mapped":false,"height":10.743407005444169,"radius":2.6742584367282687},"geometry":{"type":"Point","coordinates":[103.78091573708404,1.2938870611750397]}},{"type":"Feature","properties":{"id":"wood-1200755299-0","mapped":false,"height":8.66585098579526,"radius":2.9301929724402727},"geometry":{"type":"Point","coordinates":[103.77339252690335,1.297991190086239]}},{"type":"Feature","properties":{"id":"wood-1200755299-1","mapped":false,"height":8.6763950381428,"radius":3.131489082146436},"geometry":{"type":"Point","coordinates":[103.77354566683941,1.2979532412781094]}},{"type":"Feature","properties":{"id":"wood-1200755299-2","mapped":false,"height":9.87142754625529,"radius":3.488024908397347},"geometry":{"type":"Point","coordinates":[103.77351551824624,1.298046212640348]}},{"type":"Feature","properties":{"id":"wood-1200755299-3","mapped":false,"height":7.5074323723092675,"radius":2.511965907458216},"geometry":{"type":"Point","coordinates":[103.77363854880034,1.298089233986921]}},{"type":"Feature","properties":{"id":"wood-1200755299-4","mapped":false,"height":7.117871156893671,"radius":2.6602643922902645},"geometry":{"type":"Point","coordinates":[103.77375885354519,1.2980746692399487]}},{"type":"Feature","properties":{"id":"wood-1200755299-5","mapped":false,"height":7.8944815173745155,"radius":3.2267314431257548},"geometry":{"type":"Point","coordinates":[103.77375436674703,1.2981669468331796]}},{"type":"Feature","properties":{"id":"wood-1200755299-6","mapped":false,"height":8.529808294493705,"radius":2.5796156796626746},"geometry":{"type":"Point","coordinates":[103.77385963471221,1.2982966785517749]}},{"type":"Feature","properties":{"id":"wood-1200755299-7","mapped":false,"height":6.397431333549321,"radius":2.636995851341635},"geometry":{"type":"Point","coordinates":[103.77397788848367,1.298395606630444]}},{"type":"Feature","properties":{"id":"wood-1200755299-8","mapped":false,"height":10.080609600059688,"radius":3.1899710119701923},"geometry":{"type":"Point","coordinates":[103.77409701432137,1.2983706080582174]}},{"type":"Feature","properties":{"id":"wood-1200755299-9","mapped":false,"height":6.524601545184851,"radius":3.3561612826772036},"geometry":{"type":"Point","coordinates":[103.77410251557306,1.298541586806038]}},{"type":"Feature","properties":{"id":"wood-1200755299-10","mapped":false,"height":7.821322040632367,"radius":3.040005629230291},"geometry":{"type":"Point","coordinates":[103.77416449005473,1.2985156733701653]}},{"type":"Feature","properties":{"id":"wood-1200755299-11","mapped":false,"height":10.174316036514938,"radius":3.5994447738863524},"geometry":{"type":"Point","coordinates":[103.77417000777356,1.2985865920664552]}},{"type":"Feature","properties":{"id":"wood-1200755299-12","mapped":false,"height":7.769993552006781,"radius":3.6273985483683644},"geometry":{"type":"Point","coordinates":[103.77427117566103,1.298644479557685]}},{"type":"Feature","properties":{"id":"wood-1200755299-13","mapped":false,"height":7.5810582879930735,"radius":3.034518768358976},"geometry":{"type":"Point","coordinates":[103.77429160025787,1.298756541717974]}},{"type":"Feature","properties":{"id":"wood-1200755299-14","mapped":false,"height":10.976282527204603,"radius":3.1849444254301487},"geometry":{"type":"Point","coordinates":[103.7744266739674,1.298642865844997]}},{"type":"Feature","properties":{"id":"wood-1200755299-15","mapped":false,"height":8.723315788898617,"radius":3.314525520335883},"geometry":{"type":"Point","coordinates":[103.77440457620676,1.2987478457091979]}},{"type":"Feature","properties":{"id":"wood-1200755300-0","mapped":false,"height":10.201204204000533,"radius":2.645920924190432},"geometry":{"type":"Point","coordinates":[103.77448627608975,1.2988540109894968]}},{"type":"Feature","properties":{"id":"wood-1200755300-1","mapped":false,"height":8.805695692077279,"radius":2.93252675132826},"geometry":{"type":"Point","coordinates":[103.77452546114601,1.298939794327364]}},{"type":"Feature","properties":{"id":"wood-1200755300-2","mapped":false,"height":7.682760955300182,"radius":3.4262706159614025},"geometry":{"type":"Point","coordinates":[103.77464553859562,1.2988265746186054]}},{"type":"Feature","properties":{"id":"wood-1200755300-3","mapped":false,"height":8.36041601980105,"radius":3.137367809843272},"geometry":{"type":"Point","coordinates":[103.77458708502542,1.2989176310458068]}},{"type":"Feature","properties":{"id":"wood-1200755300-4","mapped":false,"height":9.04594243876636,"radius":3.3443745856173335},"geometry":{"type":"Point","coordinates":[103.77469275115213,1.298817187411495]}},{"type":"Feature","properties":{"id":"wood-1200755301-0","mapped":false,"height":7.104940385557711,"radius":2.99814647519961},"geometry":{"type":"Point","coordinates":[103.77474812950105,1.299022258401913]}},{"type":"Feature","properties":{"id":"wood-1200755302-0","mapped":false,"height":7.78220642497763,"radius":3.2991701810620726},"geometry":{"type":"Point","coordinates":[103.77502999342242,1.2988975820464856]}},{"type":"Feature","properties":{"id":"wood-1200755303-0","mapped":false,"height":10.71256201621145,"radius":3.3328898147679866},"geometry":{"type":"Point","coordinates":[103.77524472314438,1.2987882161319004]}},{"type":"Feature","properties":{"id":"wood-1200755303-1","mapped":false,"height":7.793588495347649,"radius":3.476934018265456},"geometry":{"type":"Point","coordinates":[103.7754058910658,1.298632601015957]}},{"type":"Feature","properties":{"id":"wood-1200755303-2","mapped":false,"height":7.964353218208998,"radius":2.7930110073648393},"geometry":{"type":"Point","coordinates":[103.77537473536775,1.2987343077505453]}},{"type":"Feature","properties":{"id":"wood-1200755303-3","mapped":false,"height":9.89155789744109,"radius":2.881498718354851},"geometry":{"type":"Point","coordinates":[103.77551383958404,1.29862989637011]}},{"type":"Feature","properties":{"id":"wood-1200755303-4","mapped":false,"height":10.322298299521208,"radius":3.641764096636325},"geometry":{"type":"Point","coordinates":[103.7754997513186,1.2987498966981497]}},{"type":"Feature","properties":{"id":"wood-1200755303-5","mapped":false,"height":7.2965764524415135,"radius":2.5239616178907456},"geometry":{"type":"Point","coordinates":[103.77562893038358,1.298572994955995]}},{"type":"Feature","properties":{"id":"wood-1200755303-6","mapped":false,"height":8.228250459302217,"radius":3.6462663727812465},"geometry":{"type":"Point","coordinates":[103.7759596172037,1.2986722189106028]}},{"type":"Feature","properties":{"id":"wood-1200755303-7","mapped":false,"height":10.849325323011726,"radius":3.5592702298425136},"geometry":{"type":"Point","coordinates":[103.77589775039094,1.2987457219560332]}},{"type":"Feature","properties":{"id":"row-1453511316-0-0","mapped":false,"height":7.678177592810243,"radius":2.588625462958589},"geometry":{"type":"Point","coordinates":[103.7725372,1.2968054]}},{"type":"Feature","properties":{"id":"row-1453511316-0-1","mapped":false,"height":7.60439735557884,"radius":3.238832928938791},"geometry":{"type":"Point","coordinates":[103.772490425,1.2967485]}},{"type":"Feature","properties":{"id":"row-1453511316-0-2","mapped":false,"height":6.351329442579299,"radius":2.949537742184475},"geometry":{"type":"Point","coordinates":[103.77244365,1.2966916]}},{"type":"Feature","properties":{"id":"row-1453511316-0-3","mapped":false,"height":6.1391327586025,"radius":3.3877389149274677},"geometry":{"type":"Point","coordinates":[103.772396875,1.2966346999999998]}},{"type":"Feature","properties":{"id":"row-1453511317-0-0","mapped":false,"height":8.560312848072499,"radius":2.9838805983308703},"geometry":{"type":"Point","coordinates":[103.7728566,1.2972587]}},{"type":"Feature","properties":{"id":"row-1453511317-0-1","mapped":false,"height":7.767013994045556,"radius":2.72554753231816},"geometry":{"type":"Point","coordinates":[103.7728113,1.29719175]}},{"type":"Feature","properties":{"id":"row-1453511317-0-2","mapped":false,"height":8.226899574045092,"radius":3.407230441691354},"geometry":{"type":"Point","coordinates":[103.772766,1.2971248]}},{"type":"Feature","properties":{"id":"row-1453511317-0-3","mapped":false,"height":8.961072821170092,"radius":3.315287355100736},"geometry":{"type":"Point","coordinates":[103.77272070000001,1.2970578499999998]}},{"type":"Feature","properties":{"id":"row-1453511317-0-4","mapped":false,"height":7.262451076414436,"radius":3.1953908859286457},"geometry":{"type":"Point","coordinates":[103.7726754,1.2969909]}},{"type":"Feature","properties":{"id":"row-1453511317-0-5","mapped":false,"height":8.251405055634677,"radius":3.0694780766498297},"geometry":{"type":"Point","coordinates":[103.7726301,1.29692395]}},{"type":"Feature","properties":{"id":"row-1453511318-0-0","mapped":false,"height":8.19481059210375,"radius":3.103008470730856},"geometry":{"type":"Point","coordinates":[103.772261,1.2965005]}},{"type":"Feature","properties":{"id":"row-1453511318-1-0","mapped":false,"height":8.732433753088117,"radius":2.8336876386310905},"geometry":{"type":"Point","coordinates":[103.7722147,1.2964596]}},{"type":"Feature","properties":{"id":"row-1453511318-2-0","mapped":false,"height":7.958281166385859,"radius":2.722227446967736},"geometry":{"type":"Point","coordinates":[103.7721621,1.2964267]}},{"type":"Feature","properties":{"id":"row-1453511318-3-0","mapped":false,"height":7.131695830263197,"radius":2.7366909224074334},"geometry":{"type":"Point","coordinates":[103.7721059,1.2963969]}},{"type":"Feature","properties":{"id":"row-1453511318-4-0","mapped":false,"height":6.581064617726952,"radius":2.597008624346927},"geometry":{"type":"Point","coordinates":[103.7720451,1.2963718]}},{"type":"Feature","properties":{"id":"row-1453511318-5-0","mapped":false,"height":7.549527123570442,"radius":2.947855002945289},"geometry":{"type":"Point","coordinates":[103.7719505,1.2963454]}},{"type":"Feature","properties":{"id":"row-1453511318-6-0","mapped":false,"height":6.254536440130323,"radius":3.158737281570211},"geometry":{"type":"Point","coordinates":[103.7718526,1.2963233]}},{"type":"Feature","properties":{"id":"row-1453511318-7-0","mapped":false,"height":8.729020885191858,"radius":3.2323759652208537},"geometry":{"type":"Point","coordinates":[103.7717318,1.2963076]}},{"type":"Feature","properties":{"id":"row-1453511318-8-0","mapped":false,"height":7.0187316429801285,"radius":3.4987451389897615},"geometry":{"type":"Point","coordinates":[103.7716097,1.2963017]}},{"type":"Feature","properties":{"id":"row-1453511318-9-0","mapped":false,"height":7.4656347166746855,"radius":2.9449922831263393},"geometry":{"type":"Point","coordinates":[103.7714896,1.2963011]}},{"type":"Feature","properties":{"id":"row-1453511318-10-0","mapped":false,"height":6.0484165283851326,"radius":3.2433713937643915},"geometry":{"type":"Point","coordinates":[103.7713695,1.2963085]}},{"type":"Feature","properties":{"id":"row-1453511318-10-1","mapped":false,"height":7.515820940025151,"radius":3.3527997608762234},"geometry":{"type":"Point","coordinates":[103.77129590000001,1.2963118]}},{"type":"Feature","properties":{"id":"row-1453511318-10-2","mapped":false,"height":8.27412140602246,"radius":3.0471878175158054},"geometry":{"type":"Point","coordinates":[103.7712223,1.2963151000000002]}},{"type":"Feature","properties":{"id":"row-1453511318-10-3","mapped":false,"height":6.114055406302214,"radius":3.4277930369134992},"geometry":{"type":"Point","coordinates":[103.7711487,1.2963184]}},{"type":"Feature","properties":{"id":"row-593883850-0-0","mapped":false,"height":7.608065881300718,"radius":2.6897586651612073},"geometry":{"type":"Point","coordinates":[103.8187569,1.3206256]}},{"type":"Feature","properties":{"id":"row-593883850-0-1","mapped":false,"height":6.834586294367909,"radius":2.9866122209932655},"geometry":{"type":"Point","coordinates":[103.818728075,1.320556875]}},{"type":"Feature","properties":{"id":"row-593883850-0-2","mapped":false,"height":7.3296503643505275,"radius":3.1603081601206213},"geometry":{"type":"Point","coordinates":[103.81869925000001,1.32048815]}},{"type":"Feature","properties":{"id":"row-593883850-0-3","mapped":false,"height":8.028878250159323,"radius":2.9258501220028847},"geometry":{"type":"Point","coordinates":[103.81867042500001,1.320419425]}},{"type":"Feature","properties":{"id":"row-593883850-1-0","mapped":false,"height":7.231184473726898,"radius":3.1814447280485183},"geometry":{"type":"Point","coordinates":[103.8186416,1.3203507]}},{"type":"Feature","properties":{"id":"row-593883850-2-0","mapped":false,"height":6.066068798303604,"radius":3.4582334083970636},"geometry":{"type":"Point","coordinates":[103.8186604,1.3203105]}},{"type":"Feature","properties":{"id":"row-596129230-0-0","mapped":false,"height":8.100540285464376,"radius":3.0089555031154305},"geometry":{"type":"Point","coordinates":[103.8188079,1.3201885]}},{"type":"Feature","properties":{"id":"row-596129230-0-1","mapped":false,"height":7.184673554264009,"radius":2.9853717393707484},"geometry":{"type":"Point","coordinates":[103.81889326666666,1.3201527333333334]}},{"type":"Feature","properties":{"id":"row-596129230-0-2","mapped":false,"height":7.891632203478366,"radius":3.1005662486422807},"geometry":{"type":"Point","coordinates":[103.81897863333333,1.3201169666666666]}},{"type":"Feature","properties":{"id":"row-601089173-0-0","mapped":false,"height":7.081483029294759,"radius":2.5825135924387723},"geometry":{"type":"Point","coordinates":[103.8193667,1.3206832]}},{"type":"Feature","properties":{"id":"row-601089173-0-1","mapped":false,"height":6.520566361024976,"radius":2.6434296721126884},"geometry":{"type":"Point","coordinates":[103.8193389,1.3206164]}},{"type":"Feature","properties":{"id":"row-601089173-0-2","mapped":false,"height":7.533124036621302,"radius":2.831753663951531},"geometry":{"type":"Point","coordinates":[103.8193111,1.3205496]}},{"type":"Feature","properties":{"id":"row-601089173-0-3","mapped":false,"height":7.510670685209334,"radius":2.7768339950125664},"geometry":{"type":"Point","coordinates":[103.8192833,1.3204828]}},{"type":"Feature","properties":{"id":"row-601089175-0-0","mapped":false,"height":7.024848795030266,"radius":2.5495838907081634},"geometry":{"type":"Point","coordinates":[103.8194771,1.3209487]}},{"type":"Feature","properties":{"id":"row-601089175-0-1","mapped":false,"height":8.585246935486794,"radius":3.4544983578380197},"geometry":{"type":"Point","coordinates":[103.81944373333333,1.3208684666666666]}},{"type":"Feature","properties":{"id":"row-601089175-0-2","mapped":false,"height":7.845444907899946,"radius":3.4645086920354515},"geometry":{"type":"Point","coordinates":[103.81941036666667,1.3207882333333334]}},{"type":"Feature","properties":{"id":"row-605675985-0-0","mapped":false,"height":6.2000348484143615,"radius":3.4047536111902446},"geometry":{"type":"Point","coordinates":[103.8167895,1.3185742]}},{"type":"Feature","properties":{"id":"row-605675987-0-0","mapped":false,"height":6.722203243989497,"radius":3.1876351789105684},"geometry":{"type":"Point","coordinates":[103.8173515,1.3190757]}},{"type":"Feature","properties":{"id":"row-605675987-0-1","mapped":false,"height":6.546732259914279,"radius":2.574379244586453},"geometry":{"type":"Point","coordinates":[103.81739871428572,1.3190214857142857]}},{"type":"Feature","properties":{"id":"row-605675987-0-2","mapped":false,"height":7.044489714782685,"radius":3.1502341891173273},"geometry":{"type":"Point","coordinates":[103.81744592857143,1.3189672714285714]}},{"type":"Feature","properties":{"id":"row-605675987-0-3","mapped":false,"height":6.899125476367772,"radius":3.013918327866122},"geometry":{"type":"Point","coordinates":[103.81749314285715,1.3189130571428571]}},{"type":"Feature","properties":{"id":"row-605675987-0-4","mapped":false,"height":6.422277989331633,"radius":3.1594653849024326},"geometry":{"type":"Point","coordinates":[103.81754035714286,1.3188588428571428]}},{"type":"Feature","properties":{"id":"row-605675987-0-5","mapped":false,"height":8.5676180832088,"radius":3.2327190150972456},"geometry":{"type":"Point","coordinates":[103.81758757142858,1.3188046285714285]}},{"type":"Feature","properties":{"id":"row-605675987-0-6","mapped":false,"height":7.064018146600574,"radius":3.3378914131317288},"geometry":{"type":"Point","coordinates":[103.81763478571429,1.3187504142857143]}},{"type":"Feature","properties":{"id":"row-605675991-0-0","mapped":false,"height":7.3215331910178065,"radius":3.414327610982582},"geometry":{"type":"Point","coordinates":[103.8170913,1.3189671]}},{"type":"Feature","properties":{"id":"row-605675991-0-1","mapped":false,"height":7.208216265309602,"radius":3.4624061279464513},"geometry":{"type":"Point","coordinates":[103.8171591,1.31902585]}},{"type":"Feature","properties":{"id":"row-605675993-0-0","mapped":false,"height":6.888564119115472,"radius":3.1328581997659057},"geometry":{"type":"Point","coordinates":[103.8167453,1.3186252]}},{"type":"Feature","properties":{"id":"row-605675993-0-1","mapped":false,"height":7.593099951278418,"radius":2.968201875919476},"geometry":{"type":"Point","coordinates":[103.81681693333333,1.3186872666666667]}},{"type":"Feature","properties":{"id":"row-605675993-0-2","mapped":false,"height":8.890748516656458,"radius":3.460963836638257},"geometry":{"type":"Point","coordinates":[103.81688856666666,1.3187493333333333]}}]}